module,rel_path,function,field,line,mechanism,writer_class,schema_source,notes
game.api,game/api.py,_synthetic_manual_play_gpt_budget_gm,realization_fallback_family,0,curated,fallback selection writer,game.realization_provenance,Manual-play GPT budget exhausted synthetic GM metadata
game.api,game/api.py,_build_gpt_narration_from_authoritative_state,realization_fallback_family,0,curated,fallback selection writer,game.realization_provenance,Upstream API fast-fallback path stamps metadata after force_terminal_retry_fallback
game.diegetic_fallback_narration,game/diegetic_fallback_narration.py,fallback_template_metadata,fallback_family_used,0,curated,fallback selection writer,game.diegetic_fallback_narration,Diegetic template → fallback_family_used taxonomy
game.fallback_provenance_debug,game/fallback_provenance_debug.py,apply_upstream_fallback_pregate_containment,fallback_family,269,assignment_or_kwarg,debug-only writer,game.final_emission_meta (FEM_FALLBACK_PROVENANCE_TRACE_KEY),Packages fallback_provenance_trace onto FEM
game.fallback_provenance_debug,game/fallback_provenance_debug.py,finalize_upstream_fallback_overwrite_containment,fallback_family,338,assignment_or_kwarg,debug-only writer,game.final_emission_meta (FEM_FALLBACK_PROVENANCE_TRACE_KEY),Packages fallback_provenance_trace onto FEM
game.fallback_provenance_debug,game/fallback_provenance_debug.py,record_final_emission_gate_exit,fallback_provenance_trace,0,curated,debug-only writer,game.final_emission_meta.FEM_FALLBACK_PROVENANCE_TRACE_KEY,Packages upstream fast-fallback provenance trace onto FEM
game.final_emission_acceptance_quality,game/final_emission_acceptance_quality.py,apply_acceptance_quality_n4_floor_seam,fallback_family,209,assignment_or_kwarg,FEM schema writer,game.final_emission_meta (review),Unclassified production writer — review in BU5
game.final_emission_fem_assembly,game/final_emission_fem_assembly.py,build_gate_accept_fem_base,speaker_contract_enforcement_reason,116,subscript_store,FEM schema writer,game.final_emission_meta + game.realization_provenance,Terminal FEM merge; copies strict-social / speaker reason fields
game.final_emission_fem_assembly,game/final_emission_fem_assembly.py,build_gate_replace_fem_base,realization_fallback_family,163,subscript_store,FEM schema writer,game.final_emission_meta + game.realization_provenance,Terminal FEM merge; copies strict-social / speaker reason fields
game.final_emission_fem_assembly,game/final_emission_fem_assembly.py,build_gate_replace_fem_base,speaker_contract_enforcement_reason,182,subscript_store,FEM schema writer,game.final_emission_meta + game.realization_provenance,Terminal FEM merge; copies strict-social / speaker reason fields
game.final_emission_fem_assembly,game/final_emission_fem_assembly.py,build_gate_replace_fem_base,fallback_family_used,184,subscript_store,FEM schema writer,game.final_emission_meta + game.realization_provenance,Terminal FEM merge; copies strict-social / speaker reason fields
game.final_emission_fem_assembly,game/final_emission_fem_assembly.py,build_gate_replace_fem_base,fallback_temporal_frame,185,subscript_store,FEM schema writer,game.final_emission_meta + game.realization_provenance,Terminal FEM merge; copies strict-social / speaker reason fields
game.final_emission_generic_exit,game/final_emission_generic_exit.py,run_generic_accept_exit,producer_repair_kind,130,subscript_store,debug-only writer,game.final_emission_meta + game.realization_provenance,Response-type debug / upstream composition; merged into FEM observability
game.final_emission_generic_exit,game/final_emission_generic_exit.py,run_generic_replace_exit,fallback_family_used,337,assignment_or_kwarg,debug-only writer,game.final_emission_meta + game.realization_provenance,Response-type debug / upstream composition; merged into FEM observability
game.final_emission_generic_exit,game/final_emission_generic_exit.py,run_generic_replace_exit,fallback_temporal_frame,338,assignment_or_kwarg,debug-only writer,game.final_emission_meta + game.realization_provenance,Response-type debug / upstream composition; merged into FEM observability
game.final_emission_meta,game/final_emission_meta.py,stamp_opening_fallback_owner_bucket,opening_fallback_owner_bucket,1234,subscript_store,FEM schema writer,game.final_emission_meta,Canonical stamp/copy helpers for owner buckets and sanitizer attribution
game.final_emission_meta,game/final_emission_meta.py,stamp_response_type_prepared_repair_owner_bucket,sealed_fallback_owner_bucket,1260,subscript_store,FEM schema writer,game.final_emission_meta,Canonical stamp/copy helpers for owner buckets and sanitizer attribution
game.final_emission_meta,game/final_emission_meta.py,stamp_visibility_fallback_owner_bucket_from_fields,visibility_fallback_owner_bucket,1309,subscript_store,FEM schema writer,game.final_emission_meta,Canonical stamp/copy helpers for owner buckets and sanitizer attribution
game.final_emission_meta,game/final_emission_meta.py,apply_sanitizer_producer_attribution_to_fem,owner_bucket,1323,assignment_or_kwarg,FEM schema writer,game.final_emission_meta,Canonical stamp/copy helpers for owner buckets and sanitizer attribution
game.final_emission_meta,game/final_emission_meta.py,apply_sanitizer_producer_attribution_to_fem,sealed_fallback_owner_bucket,1325,subscript_store,FEM schema writer,game.final_emission_meta,Canonical stamp/copy helpers for owner buckets and sanitizer attribution
game.final_emission_meta,game/final_emission_meta.py,normalize_fem_for_replay_observation,fem_runtime_lineage_events,0,curated,replay projection writer,game.final_emission_replay_projection.build_fem_runtime_lineage_events,Read-side FEM packaging adds projected lineage sibling field
game.final_emission_meta,game/final_emission_meta.py,stamp_retry_terminal_fallback_producer_metadata,opening_fallback_owner_bucket,0,curated,FEM schema writer,game.final_emission_meta,Retry terminal fallback owner bucket stamper paired with attach_realization_fallback_family
game.final_emission_meta,game/final_emission_meta.py,stamp_upstream_prepared_opening_producer_metadata,opening_fallback_owner_bucket,0,curated,FEM schema writer,game.final_emission_meta,Upstream-prepared opening owner bucket stamper paired with opening payload composition
game.final_emission_meta_observability,game/final_emission_meta_observability.py,assemble_unified_observational_telemetry_bundle,fem_runtime_lineage_events,783,assignment_or_kwarg,FEM schema writer,game.final_emission_meta (review),Unclassified production writer — review in BU5
game.final_emission_narration_constraint_debug,game/final_emission_narration_constraint_debug.py,merge_narration_constraint_debug_into_outputs,speaker_contract_enforcement,75,assignment_or_kwarg,debug-only writer,layer-specific emission_debug merge,Patches metadata.emission_debug before FEM finalize
game.final_emission_opening_fallback,game/final_emission_opening_fallback.py,_result_meta_from_upstream_prepared_payload,opening_fallback_authorship_source,159,subscript_store,fallback selection writer,game.final_emission_meta (owner-bucket registry),Route-level fallback selection stamps owner buckets / diegetic family on FEM
game.final_emission_opening_fallback,game/final_emission_opening_fallback.py,_visibility_selected_from_opening_contract,fallback_family_used,485,subscript_store,fallback selection writer,game.final_emission_meta (owner-bucket registry),Route-level fallback selection stamps owner buckets / diegetic family on FEM
game.final_emission_opening_fallback,game/final_emission_opening_fallback.py,_visibility_selected_from_opening_contract,fallback_temporal_frame,486,subscript_store,fallback selection writer,game.final_emission_meta (owner-bucket registry),Route-level fallback selection stamps owner buckets / diegetic family on FEM
game.final_emission_opening_fallback,game/final_emission_opening_fallback.py,_visibility_selected_from_opening_contract,opening_fallback_authorship_source,489,subscript_store,fallback selection writer,game.final_emission_meta (owner-bucket registry),Route-level fallback selection stamps owner buckets / diegetic family on FEM
game.final_emission_opening_fallback,game/final_emission_opening_fallback.py,build_upstream_prepared_opening_composition_meta,opening_fallback_authorship_source,0,curated,fallback selection writer,game.final_emission_opening_fallback,Upstream composition meta authorship stamp (success path)
game.final_emission_opening_fallback,game/final_emission_opening_fallback.py,build_opening_fallback_result_meta,opening_fallback_authorship_source,0,curated,fallback selection writer,game.final_emission_opening_fallback,Result meta may include authorship when mirrored from upstream
game.final_emission_owner_bucket_views,game/final_emission_owner_bucket_views.py,opening_fallback_owner_bucket_from_meta,opening_fallback_authorship_source,170,assignment_or_kwarg,FEM schema writer,game.final_emission_meta (review),Unclassified production writer — review in BU5
game.final_emission_owner_bucket_views,game/final_emission_owner_bucket_views.py,opening_fallback_owner_bucket_from_meta,fallback_family,172,assignment_or_kwarg,FEM schema writer,game.final_emission_meta (review),Unclassified production writer — review in BU5
game.final_emission_owner_bucket_views,game/final_emission_owner_bucket_views.py,opening_fallback_owner_bucket_from_meta,fallback_temporal_frame,173,assignment_or_kwarg,FEM schema writer,game.final_emission_meta (review),Unclassified production writer — review in BU5
game.final_emission_replay_projection,game/final_emission_replay_projection.py,build_fem_runtime_lineage_events,fallback_authorship_source,0,curated,replay projection writer,game.final_emission_replay_projection,Projects opening fallback_authorship_source onto lineage events
game.final_emission_replay_projection,game/final_emission_replay_projection.py,build_fem_runtime_lineage_events,fallback_content_owner,0,curated,replay projection writer,game.final_emission_replay_projection,Split-owner projection from _fallback_split_owners_for_kind
game.final_emission_replay_projection,game/final_emission_replay_projection.py,build_fem_runtime_lineage_events,fallback_owner_bucket,0,curated,replay projection writer,game.final_emission_replay_projection,Projects fallback_owner_bucket on lineage events via make_runtime_lineage_event
game.final_emission_replay_projection,game/final_emission_replay_projection.py,build_fem_runtime_lineage_events,fallback_selection_owner,0,curated,replay projection writer,game.final_emission_replay_projection,Split-owner projection from _fallback_split_owners_for_kind
game.final_emission_response_type,game/final_emission_response_type.py,enforce_response_type_contract,opening_fallback_authorship_source,407,subscript_store,debug-only writer,game.final_emission_meta + game.realization_provenance,Response-type debug / upstream composition; merged into FEM observability
game.final_emission_response_type,game/final_emission_response_type.py,enforce_response_type_contract,fallback_family_used,418,subscript_store,debug-only writer,game.final_emission_meta + game.realization_provenance,Response-type debug / upstream composition; merged into FEM observability
game.final_emission_response_type,game/final_emission_response_type.py,enforce_response_type_contract,fallback_temporal_frame,419,subscript_store,debug-only writer,game.final_emission_meta + game.realization_provenance,Response-type debug / upstream composition; merged into FEM observability
game.final_emission_response_type,game/final_emission_response_type.py,enforce_response_type_contract,opening_fallback_owner_bucket,0,curated,FEM schema writer,game.final_emission_meta.stamp_opening_fallback_owner_bucket,Stamps opening bucket on response-type debug before FEM merge
game.final_emission_response_type,game/final_emission_response_type.py,enforce_response_type_contract,realization_fallback_family,0,curated,debug-only writer,game.realization_provenance,attach_realization_fallback_family on response-type debug
game.final_emission_sealed_fallback,game/final_emission_sealed_fallback.py,stamp_non_strict_sealed_replacement_realization_family,sealed_fallback_owner_bucket,241,subscript_store,fallback selection writer,game.final_emission_meta (owner-bucket registry),Route-level fallback selection stamps owner buckets / diegetic family on FEM
game.final_emission_sealed_fallback,game/final_emission_sealed_fallback.py,stamp_sealed_fallback_realization_family,sealed_fallback_owner_bucket,265,subscript_store,fallback selection writer,game.final_emission_meta (owner-bucket registry),Route-level fallback selection stamps owner buckets / diegetic family on FEM
game.final_emission_sealed_fallback,game/final_emission_sealed_fallback.py,prepare_sealed_replacement_route_meta,fallback_family_used,294,subscript_store,fallback selection writer,game.final_emission_meta (owner-bucket registry),Route-level fallback selection stamps owner buckets / diegetic family on FEM
game.final_emission_sealed_fallback,game/final_emission_sealed_fallback.py,prepare_sealed_replacement_route_meta,fallback_temporal_frame,295,subscript_store,fallback selection writer,game.final_emission_meta (owner-bucket registry),Route-level fallback selection stamps owner buckets / diegetic family on FEM
game.final_emission_sealed_fallback,game/final_emission_sealed_fallback.py,prepare_sealed_replacement_route_meta,fallback_family,310,assignment_or_kwarg,fallback selection writer,game.final_emission_meta (owner-bucket registry),Route-level fallback selection stamps owner buckets / diegetic family on FEM
game.final_emission_sealed_fallback,game/final_emission_sealed_fallback.py,stamp_sealed_fallback_realization_family,realization_fallback_family,0,curated,fallback selection writer,game.realization_provenance,Sealed route realization family + owner bucket
game.final_emission_strict_social_stack,game/final_emission_strict_social_stack.py,run_strict_social_composition_trunk,speaker_contract_enforcement_reason,433,assignment_or_kwarg,FEM schema writer,game.final_emission_meta (review),Unclassified production writer — review in BU5
game.final_emission_strict_social_stack,game/final_emission_strict_social_stack.py,run_strict_social_composition_trunk,speaker_contract_enforcement,487,assignment_or_kwarg,debug-only writer,layer-specific emission_debug merge,Patches metadata.emission_debug before FEM finalize
game.final_emission_terminal_pipeline,game/final_emission_terminal_pipeline.py,apply_strict_social_emergency_fallback_patch,fallback_family,106,assignment_or_kwarg,FEM schema writer,game.final_emission_meta (review),Unclassified production writer — review in BU5
game.final_emission_terminal_pipeline,game/final_emission_terminal_pipeline.py,run_gate_terminal_enforcement_pipeline,speaker_contract_enforcement,373,assignment_or_kwarg,debug-only writer,layer-specific emission_debug merge,Patches metadata.emission_debug before FEM finalize
game.final_emission_validators,game/final_emission_validators.py,_merge_response_type_meta,fallback_family_used,507,dict_update,debug-only writer,game.final_emission_meta + game.realization_provenance,Response-type debug / upstream composition; merged into FEM observability
game.final_emission_validators,game/final_emission_validators.py,_merge_response_type_meta,fallback_temporal_frame,507,dict_update,debug-only writer,game.final_emission_meta + game.realization_provenance,Response-type debug / upstream composition; merged into FEM observability
game.final_emission_validators,game/final_emission_validators.py,_merge_response_type_meta,opening_fallback_authorship_source,507,dict_update,debug-only writer,game.final_emission_meta + game.realization_provenance,Response-type debug / upstream composition; merged into FEM observability
game.final_emission_validators,game/final_emission_validators.py,_merge_response_type_meta,opening_fallback_owner_bucket,507,dict_update,debug-only writer,game.final_emission_meta + game.realization_provenance,Response-type debug / upstream composition; merged into FEM observability
game.final_emission_validators,game/final_emission_validators.py,_merge_response_type_meta,realization_fallback_family,507,dict_update,debug-only writer,game.final_emission_meta + game.realization_provenance,Response-type debug / upstream composition; merged into FEM observability
game.final_emission_validators,game/final_emission_validators.py,_merge_response_type_meta,sealed_fallback_owner_bucket,507,dict_update,debug-only writer,game.final_emission_meta + game.realization_provenance,Response-type debug / upstream composition; merged into FEM observability
game.final_emission_visibility_fallback,game/final_emission_visibility_fallback.py,stamp_visibility_fallback_metadata,visibility_fallback_owner_bucket,78,subscript_store,fallback selection writer,game.final_emission_meta (owner-bucket registry),Route-level fallback selection stamps owner buckets / diegetic family on FEM
game.final_emission_visibility_metadata,game/final_emission_visibility_metadata.py,stamp_kwargs,fallback_owner_bucket,108,subscript_store,FEM schema writer,game.final_emission_meta (review),Unclassified production writer — review in BU5
game.final_emission_visibility_metadata,game/final_emission_visibility_metadata.py,build_visibility_route_metadata_outcome,fallback_owner_bucket,367,assignment_or_kwarg,FEM schema writer,game.final_emission_meta (review),Unclassified production writer — review in BU5
game.final_emission_visibility_metadata,game/final_emission_visibility_metadata.py,visibility_fallback_metadata_updates,visibility_fallback_owner_bucket,549,subscript_store,FEM schema writer,game.final_emission_meta (review),Unclassified production writer — review in BU5
game.gm,game/gm.py,call_gpt,realization_fallback_family,0,curated,fallback selection writer,game.realization_provenance,GPT budget/provider failure fallback metadata
game.gm_retry,game/gm_retry.py,_attach_retry_terminal_family,realization_fallback_family,0,curated,fallback selection writer,game.realization_provenance,Retry terminal fallback stamps gm_output/metadata/_final_emission_meta
game.interaction_continuity,game/interaction_continuity.py,_maybe_apply_speaker_binding_bridge_to_payload,speaker_contract_enforcement,1480,assignment_or_kwarg,debug-only writer,layer-specific emission_debug merge,Patches metadata.emission_debug before FEM finalize
game.output_sanitizer,game/output_sanitizer.py,_record_sanitizer_semantic_write_site,fallback_family,1315,assignment_or_kwarg,fallback selection writer,game.final_emission_meta (bucket constants) + trace split-owner literals,Sanitizer trace stamps; copied to FEM via apply_sanitizer_producer_attribution_to_fem
game.output_sanitizer,game/output_sanitizer.py,_sanitize_player_facing_output_strip_only,owner_bucket,1482,assignment_or_kwarg,fallback selection writer,game.final_emission_meta (bucket constants) + trace split-owner literals,Sanitizer trace stamps; copied to FEM via apply_sanitizer_producer_attribution_to_fem
game.output_sanitizer,game/output_sanitizer.py,_mark_sanitizer_empty_fallback,sanitizer_empty_fallback_owner_trace_short,0,curated,fallback selection writer,game.final_emission_ownership_schema (trace short companion),Legacy short companion stamped alongside canonical sanitizer_empty_fallback_owner
game.output_sanitizer,game/output_sanitizer.py,_mark_sanitizer_strict_social_fallback,sanitizer_strict_social_prose_owner_trace_short,0,curated,fallback selection writer,game.final_emission_ownership_schema (trace short companion),Legacy short companion stamped alongside canonical strict-social prose owner
game.output_sanitizer,game/output_sanitizer.py,_mark_sanitizer_strict_social_fallback,sanitizer_strict_social_selection_owner_trace_short,0,curated,fallback selection writer,game.final_emission_ownership_schema (trace short companion),Legacy short companion stamped alongside canonical strict-social selection owner
game.output_sanitizer_lineage,game/output_sanitizer_lineage.py,_stamp_sanitizer_producer_attribution,sealed_fallback_owner_bucket,85,subscript_store,FEM schema writer,game.final_emission_meta (review),Unclassified production writer — review in BU5
game.output_sanitizer_lineage,game/output_sanitizer_lineage.py,_mark_sanitizer_empty_fallback,sanitizer_empty_fallback_owner,100,subscript_store,FEM schema writer,game.final_emission_meta (review),Unclassified production writer — review in BU5
game.output_sanitizer_lineage,game/output_sanitizer_lineage.py,_mark_sanitizer_empty_fallback,owner_bucket,110,assignment_or_kwarg,FEM schema writer,game.final_emission_meta (review),Unclassified production writer — review in BU5
game.output_sanitizer_lineage,game/output_sanitizer_lineage.py,_mark_sanitizer_strict_social_fallback,sanitizer_strict_social_selection_owner,124,subscript_store,FEM schema writer,game.final_emission_meta (review),Unclassified production writer — review in BU5
game.output_sanitizer_lineage,game/output_sanitizer_lineage.py,_mark_sanitizer_strict_social_fallback,sanitizer_strict_social_prose_owner,128,subscript_store,FEM schema writer,game.final_emission_meta (review),Unclassified production writer — review in BU5
game.output_sanitizer_lineage,game/output_sanitizer_lineage.py,_mark_sanitizer_strict_social_fallback,owner_bucket,139,assignment_or_kwarg,FEM schema writer,game.final_emission_meta (review),Unclassified production writer — review in BU5
game.realization_provenance,game/realization_provenance.py,attach_realization_fallback_family,realization_fallback_family,0,curated,FEM schema writer,game.realization_provenance + game.realization_authority,Canonical governed-family stamp helper
game.runtime_lineage_telemetry,game/runtime_lineage_telemetry.py,normalize_runtime_lineage_events,fallback_authorship_source,250,assignment_or_kwarg,replay projection writer,game.runtime_lineage_telemetry,Canonical lineage event dict schema (make_runtime_lineage_event)
game.runtime_lineage_telemetry,game/runtime_lineage_telemetry.py,normalize_runtime_lineage_events,fallback_owner_bucket,251,assignment_or_kwarg,replay projection writer,game.runtime_lineage_telemetry,Canonical lineage event dict schema (make_runtime_lineage_event)
game.runtime_lineage_telemetry,game/runtime_lineage_telemetry.py,normalize_runtime_lineage_events,fallback_selection_owner,252,assignment_or_kwarg,replay projection writer,game.runtime_lineage_telemetry,Canonical lineage event dict schema (make_runtime_lineage_event)
game.runtime_lineage_telemetry,game/runtime_lineage_telemetry.py,normalize_runtime_lineage_events,fallback_content_owner,253,assignment_or_kwarg,replay projection writer,game.runtime_lineage_telemetry,Canonical lineage event dict schema (make_runtime_lineage_event)
game.runtime_lineage_telemetry,game/runtime_lineage_telemetry.py,make_runtime_lineage_event,fallback_authorship_source,0,curated,replay projection writer,game.runtime_lineage_telemetry,Lineage event dict schema field
game.runtime_lineage_telemetry,game/runtime_lineage_telemetry.py,make_runtime_lineage_event,fallback_content_owner,0,curated,replay projection writer,game.runtime_lineage_telemetry,Lineage event dict schema field
game.runtime_lineage_telemetry,game/runtime_lineage_telemetry.py,make_runtime_lineage_event,fallback_owner_bucket,0,curated,replay projection writer,game.runtime_lineage_telemetry,Lineage event dict schema field
game.runtime_lineage_telemetry,game/runtime_lineage_telemetry.py,make_runtime_lineage_event,fallback_selection_owner,0,curated,replay projection writer,game.runtime_lineage_telemetry,Lineage event dict schema field
game.social_exchange_emission,game/social_exchange_emission.py,stamp_strict_social_deterministic_fallback_family,realization_fallback_family,0,curated,fallback selection writer,game.realization_provenance,Strict-social deterministic fallback family stamp
game.social_exchange_emission,game/social_exchange_emission.py,_structured_fact_emission_details,realization_fallback_family,0,curated,fallback selection writer,game.realization_provenance,attach_realization_fallback_family on structured fact emission details
game.speaker_contract_enforcement,game/speaker_contract_enforcement.py,_merge_speaker_enforcement_into_outputs,speaker_contract_enforcement,522,subscript_store,speaker contract writer,game.speaker_contract_enforcement,Writes emission_debug.speaker_contract_enforcement payload
game.upstream_response_repairs,game/upstream_response_repairs.py,build_upstream_prepared_opening_fallback_payload,fallback_family_used,212,assignment_or_kwarg,debug-only writer,game.final_emission_meta + game.realization_provenance,Response-type debug / upstream composition; merged into FEM observability
game.upstream_response_repairs,game/upstream_response_repairs.py,build_upstream_prepared_opening_fallback_payload,fallback_temporal_frame,213,assignment_or_kwarg,debug-only writer,game.final_emission_meta + game.realization_provenance,Response-type debug / upstream composition; merged into FEM observability
game.upstream_response_repairs,game/upstream_response_repairs.py,build_upstream_prepared_opening_fallback_payload,opening_fallback_authorship_source,214,assignment_or_kwarg,debug-only writer,game.final_emission_meta + game.realization_provenance,Response-type debug / upstream composition; merged into FEM observability
game.upstream_response_repairs,game/upstream_response_repairs.py,build_upstream_prepared_opening_fallback_payload,opening_fallback_owner_bucket,228,subscript_store,debug-only writer,game.final_emission_meta + game.realization_provenance,Response-type debug / upstream composition; merged into FEM observability
game.upstream_response_repairs,game/upstream_response_repairs.py,maybe_attach_upstream_prepared_opening_fallback_payload,realization_fallback_family,0,curated,debug-only writer,game.realization_provenance,Upstream prepared opening payload composition
tests.helpers.failure_classification_builders,tests/helpers/failure_classification_builders.py,opening_family_fallback_selected_lineage_event,fallback_owner_bucket,138,assignment_or_kwarg,test/governance writer,tests/helpers/attribution_contract.py or golden_replay_projection,Read-side inventory / governance; not production FEM stamping
tests.helpers.failure_classification_builders,tests/helpers/failure_classification_builders.py,opening_family_fallback_selected_lineage_event,fallback_selection_owner,139,assignment_or_kwarg,test/governance writer,tests/helpers/attribution_contract.py or golden_replay_projection,Read-side inventory / governance; not production FEM stamping
tests.helpers.failure_classification_builders,tests/helpers/failure_classification_builders.py,opening_family_fallback_selected_lineage_event,fallback_content_owner,140,assignment_or_kwarg,test/governance writer,tests/helpers/attribution_contract.py or golden_replay_projection,Read-side inventory / governance; not production FEM stamping
tests.helpers.failure_classification_builders,tests/helpers/failure_classification_builders.py,opening_family_fallback_selected_lineage_event,fallback_authorship_source,141,assignment_or_kwarg,test/governance writer,tests/helpers/attribution_contract.py or golden_replay_projection,Read-side inventory / governance; not production FEM stamping
tests.helpers.failure_classification_builders,tests/helpers/failure_classification_builders.py,observed_opening_family_split_owner_row,opening_fallback_owner_bucket,158,assignment_or_kwarg,test/governance writer,tests/helpers/attribution_contract.py or golden_replay_projection,Read-side inventory / governance; not production FEM stamping
tests.helpers.failure_classification_builders,tests/helpers/failure_classification_builders.py,observed_opening_family_split_owner_row,fallback_content_owner,175,assignment_or_kwarg,test/governance writer,tests/helpers/attribution_contract.py or golden_replay_projection,Read-side inventory / governance; not production FEM stamping
tests.helpers.failure_classification_builders,tests/helpers/failure_classification_builders.py,observed_opening_family_split_owner_row,fallback_owner_bucket,176,assignment_or_kwarg,test/governance writer,tests/helpers/attribution_contract.py or golden_replay_projection,Read-side inventory / governance; not production FEM stamping
tests.helpers.failure_classification_builders,tests/helpers/failure_classification_builders.py,observed_opening_family_split_owner_row,fallback_authorship_source,177,assignment_or_kwarg,test/governance writer,tests/helpers/attribution_contract.py or golden_replay_projection,Read-side inventory / governance; not production FEM stamping
tests.helpers.failure_classification_builders,tests/helpers/failure_classification_builders.py,sealed_family_fallback_selected_lineage_event,fallback_owner_bucket,236,assignment_or_kwarg,test/governance writer,tests/helpers/attribution_contract.py or golden_replay_projection,Read-side inventory / governance; not production FEM stamping
tests.helpers.failure_classification_builders,tests/helpers/failure_classification_builders.py,sealed_family_fallback_selected_lineage_event,fallback_selection_owner,237,assignment_or_kwarg,test/governance writer,tests/helpers/attribution_contract.py or golden_replay_projection,Read-side inventory / governance; not production FEM stamping
tests.helpers.failure_classification_builders,tests/helpers/failure_classification_builders.py,sealed_family_fallback_selected_lineage_event,fallback_content_owner,238,assignment_or_kwarg,test/governance writer,tests/helpers/attribution_contract.py or golden_replay_projection,Read-side inventory / governance; not production FEM stamping
tests.helpers.failure_classification_builders,tests/helpers/failure_classification_builders.py,observed_sealed_family_split_owner_row,fallback_content_owner,260,assignment_or_kwarg,test/governance writer,tests/helpers/attribution_contract.py or golden_replay_projection,Read-side inventory / governance; not production FEM stamping
tests.helpers.failure_classification_builders,tests/helpers/failure_classification_builders.py,observed_sealed_family_split_owner_row,fallback_owner_bucket,261,assignment_or_kwarg,test/governance writer,tests/helpers/attribution_contract.py or golden_replay_projection,Read-side inventory / governance; not production FEM stamping
tests.helpers.failure_classification_builders,tests/helpers/failure_classification_builders.py,visibility_family_fallback_selected_lineage_event,fallback_owner_bucket,299,assignment_or_kwarg,test/governance writer,tests/helpers/attribution_contract.py or golden_replay_projection,Read-side inventory / governance; not production FEM stamping
tests.helpers.failure_classification_builders,tests/helpers/failure_classification_builders.py,visibility_family_fallback_selected_lineage_event,fallback_selection_owner,300,assignment_or_kwarg,test/governance writer,tests/helpers/attribution_contract.py or golden_replay_projection,Read-side inventory / governance; not production FEM stamping
tests.helpers.failure_classification_builders,tests/helpers/failure_classification_builders.py,visibility_family_fallback_selected_lineage_event,fallback_content_owner,301,assignment_or_kwarg,test/governance writer,tests/helpers/attribution_contract.py or golden_replay_projection,Read-side inventory / governance; not production FEM stamping
tests.helpers.failure_classification_builders,tests/helpers/failure_classification_builders.py,observed_visibility_family_hard_replacement_row,fallback_owner_bucket,333,assignment_or_kwarg,test/governance writer,tests/helpers/attribution_contract.py or golden_replay_projection,Read-side inventory / governance; not production FEM stamping
tests.helpers.failure_classification_builders,tests/helpers/failure_classification_builders.py,observed_visibility_family_hard_replacement_row,fallback_content_owner,334,assignment_or_kwarg,test/governance writer,tests/helpers/attribution_contract.py or golden_replay_projection,Read-side inventory / governance; not production FEM stamping
tests.helpers.failure_classification_builders,tests/helpers/failure_classification_builders.py,sanitizer_fallback_selected_lineage_event,fallback_selection_owner,354,assignment_or_kwarg,test/governance writer,tests/helpers/attribution_contract.py or golden_replay_projection,Read-side inventory / governance; not production FEM stamping
tests.helpers.failure_classification_builders,tests/helpers/failure_classification_builders.py,sanitizer_fallback_selected_lineage_event,fallback_content_owner,355,assignment_or_kwarg,test/governance writer,tests/helpers/attribution_contract.py or golden_replay_projection,Read-side inventory / governance; not production FEM stamping
tests.helpers.failure_classification_builders,tests/helpers/failure_classification_builders.py,observed_sanitizer_split_owner_row,fallback_content_owner,374,assignment_or_kwarg,test/governance writer,tests/helpers/attribution_contract.py or golden_replay_projection,Read-side inventory / governance; not production FEM stamping
tests.helpers.failure_classification_builders,tests/helpers/failure_classification_builders.py,observed_sanitizer_split_owner_row,sanitizer_strict_social_prose_owner,380,dict_update,test/governance writer,tests/helpers/attribution_contract.py or golden_replay_projection,Read-side inventory / governance; not production FEM stamping
tests.helpers.failure_classification_builders,tests/helpers/failure_classification_builders.py,observed_sanitizer_split_owner_row,sanitizer_strict_social_selection_owner,380,dict_update,test/governance writer,tests/helpers/attribution_contract.py or golden_replay_projection,Read-side inventory / governance; not production FEM stamping
tests.helpers.failure_classification_builders,tests/helpers/failure_classification_builders.py,observed_sanitizer_split_owner_row,sanitizer_empty_fallback_owner,390,dict_update,test/governance writer,tests/helpers/attribution_contract.py or golden_replay_projection,Read-side inventory / governance; not production FEM stamping
tests.helpers.failure_classification_builders,tests/helpers/failure_classification_builders.py,upstream_fast_fallback_selected_lineage_event,fallback_owner_bucket,409,assignment_or_kwarg,test/governance writer,tests/helpers/attribution_contract.py or golden_replay_projection,Read-side inventory / governance; not production FEM stamping
tests.helpers.failure_classification_builders,tests/helpers/failure_classification_builders.py,upstream_fast_fallback_selected_lineage_event,fallback_selection_owner,410,assignment_or_kwarg,test/governance writer,tests/helpers/attribution_contract.py or golden_replay_projection,Read-side inventory / governance; not production FEM stamping
tests.helpers.failure_classification_builders,tests/helpers/failure_classification_builders.py,upstream_fast_fallback_selected_lineage_event,fallback_content_owner,411,assignment_or_kwarg,test/governance writer,tests/helpers/attribution_contract.py or golden_replay_projection,Read-side inventory / governance; not production FEM stamping
tests.helpers.failure_classification_dashboard_expectations,tests/helpers/failure_classification_dashboard_expectations.py,assert_controlled_failure_dashboard_entry,fallback_selection_owner,840,assignment_or_kwarg,test/governance writer,tests/helpers/attribution_contract.py or golden_replay_projection,Read-side inventory / governance; not production FEM stamping
tests.helpers.failure_classification_dashboard_expectations,tests/helpers/failure_classification_dashboard_expectations.py,assert_controlled_failure_dashboard_entry,fallback_content_owner,841,assignment_or_kwarg,test/governance writer,tests/helpers/attribution_contract.py or golden_replay_projection,Read-side inventory / governance; not production FEM stamping
tests.helpers.failure_classification_split_owner,tests/helpers/failure_classification_split_owner.py,split_owner_acceptance_matrix_row_ids,fallback_selection_owner,101,assignment_or_kwarg,test/governance writer,tests/helpers/attribution_contract.py or golden_replay_projection,Read-side inventory / governance; not production FEM stamping
tests.helpers.failure_classification_split_owner,tests/helpers/failure_classification_split_owner.py,split_owner_acceptance_matrix_row_ids,fallback_content_owner,102,assignment_or_kwarg,test/governance writer,tests/helpers/attribution_contract.py or golden_replay_projection,Read-side inventory / governance; not production FEM stamping
tests.helpers.failure_classification_split_owner,tests/helpers/failure_classification_split_owner.py,split_owner_acceptance_matrix_row_ids,owner_bucket,104,assignment_or_kwarg,test/governance writer,tests/helpers/attribution_contract.py or golden_replay_projection,Read-side inventory / governance; not production FEM stamping
tests.helpers.failure_classification_split_owner,tests/helpers/failure_classification_split_owner.py,split_owner_fem_meta_from_matrix_row,fallback_temporal_frame,394,assignment_or_kwarg,test/governance writer,tests/helpers/attribution_contract.py or golden_replay_projection,Read-side inventory / governance; not production FEM stamping
tests.helpers.failure_classification_split_owner,tests/helpers/failure_classification_split_owner.py,split_owner_fem_meta_from_matrix_row,fallback_family_used,399,assignment_or_kwarg,test/governance writer,tests/helpers/attribution_contract.py or golden_replay_projection,Read-side inventory / governance; not production FEM stamping
tests.helpers.failure_classification_split_owner,tests/helpers/failure_classification_split_owner.py,split_owner_fem_meta_from_matrix_row,visibility_fallback_owner_bucket,405,assignment_or_kwarg,test/governance writer,tests/helpers/attribution_contract.py or golden_replay_projection,Read-side inventory / governance; not production FEM stamping
tests.helpers.failure_classification_split_owner,tests/helpers/failure_classification_split_owner.py,split_owner_fem_meta_from_matrix_row,producer_repair_kind,406,assignment_or_kwarg,test/governance writer,tests/helpers/attribution_contract.py or golden_replay_projection,Read-side inventory / governance; not production FEM stamping
tests.helpers.failure_classification_split_owner,tests/helpers/failure_classification_split_owner.py,split_owner_fem_meta_from_matrix_row,sanitizer_empty_fallback_owner,436,assignment_or_kwarg,test/governance writer,tests/helpers/attribution_contract.py or golden_replay_projection,Read-side inventory / governance; not production FEM stamping
tests.helpers.failure_classification_split_owner,tests/helpers/failure_classification_split_owner.py,split_owner_fem_meta_from_matrix_row,sanitizer_strict_social_selection_owner,448,assignment_or_kwarg,test/governance writer,tests/helpers/attribution_contract.py or golden_replay_projection,Read-side inventory / governance; not production FEM stamping
tests.helpers.failure_classification_split_owner,tests/helpers/failure_classification_split_owner.py,split_owner_fem_meta_from_matrix_row,sanitizer_strict_social_prose_owner,449,assignment_or_kwarg,test/governance writer,tests/helpers/attribution_contract.py or golden_replay_projection,Read-side inventory / governance; not production FEM stamping
tests.helpers.failure_classification_split_owner,tests/helpers/failure_classification_split_owner.py,split_owner_fem_meta_from_matrix_row,fallback_provenance_trace,459,assignment_or_kwarg,test/governance writer,tests/helpers/attribution_contract.py or golden_replay_projection,Read-side inventory / governance; not production FEM stamping
tests.helpers.failure_classification_split_owner,tests/helpers/failure_classification_split_owner.py,split_owner_fem_meta_from_matrix_row,sealed_fallback_owner_bucket,470,assignment_or_kwarg,test/governance writer,tests/helpers/attribution_contract.py or golden_replay_projection,Read-side inventory / governance; not production FEM stamping
tests.helpers.failure_classification_split_owner,tests/helpers/failure_classification_split_owner.py,split_owner_fem_meta_from_matrix_row,realization_fallback_family,471,assignment_or_kwarg,test/governance writer,tests/helpers/attribution_contract.py or golden_replay_projection,Read-side inventory / governance; not production FEM stamping
tests.helpers.failure_classification_split_owner,tests/helpers/failure_classification_split_owner.py,split_owner_lineage_event_from_matrix_row,fallback_content_owner,586,assignment_or_kwarg,test/governance writer,tests/helpers/attribution_contract.py or golden_replay_projection,Read-side inventory / governance; not production FEM stamping
tests.helpers.failure_classification_split_owner,tests/helpers/failure_classification_split_owner.py,split_owner_lineage_event_from_matrix_row,fallback_owner_bucket,587,assignment_or_kwarg,test/governance writer,tests/helpers/attribution_contract.py or golden_replay_projection,Read-side inventory / governance; not production FEM stamping
tests.helpers.failure_classification_split_owner,tests/helpers/failure_classification_split_owner.py,split_owner_lineage_event_from_matrix_row,fallback_authorship_source,588,assignment_or_kwarg,test/governance writer,tests/helpers/attribution_contract.py or golden_replay_projection,Read-side inventory / governance; not production FEM stamping
tests.helpers.failure_classification_split_owner,tests/helpers/failure_classification_split_owner.py,split_owner_observed_row_from_matrix_row,visibility_fallback_owner_bucket,637,assignment_or_kwarg,test/governance writer,tests/helpers/attribution_contract.py or golden_replay_projection,Read-side inventory / governance; not production FEM stamping
tests.helpers.failure_classification_split_owner,tests/helpers/failure_classification_split_owner.py,split_owner_observed_row_from_matrix_row,fallback_content_owner,644,assignment_or_kwarg,test/governance writer,tests/helpers/attribution_contract.py or golden_replay_projection,Read-side inventory / governance; not production FEM stamping
tests.helpers.failure_classification_split_owner,tests/helpers/failure_classification_split_owner.py,split_owner_observed_row_from_matrix_row,opening_fallback_owner_bucket,645,assignment_or_kwarg,test/governance writer,tests/helpers/attribution_contract.py or golden_replay_projection,Read-side inventory / governance; not production FEM stamping
tests.helpers.failure_classification_split_owner,tests/helpers/failure_classification_split_owner.py,split_owner_observed_row_from_matrix_row,sealed_fallback_owner_bucket,694,assignment_or_kwarg,test/governance writer,tests/helpers/attribution_contract.py or golden_replay_projection,Read-side inventory / governance; not production FEM stamping
tests.helpers.failure_classifier,tests/helpers/failure_classifier.py,validate_failure_classification_row,fallback_selection_owner,393,assignment_or_kwarg,test/governance writer,tests/helpers/attribution_contract.py or golden_replay_projection,Read-side inventory / governance; not production FEM stamping
tests.helpers.failure_classifier,tests/helpers/failure_classifier.py,validate_failure_classification_row,fallback_content_owner,397,assignment_or_kwarg,test/governance writer,tests/helpers/attribution_contract.py or golden_replay_projection,Read-side inventory / governance; not production FEM stamping
tests.helpers.failure_classifier,tests/helpers/failure_classifier.py,_emission_sublayer,fallback_family,490,assignment_or_kwarg,test/governance writer,tests/helpers/attribution_contract.py or golden_replay_projection,Read-side inventory / governance; not production FEM stamping
tests.helpers.failure_classifier,tests/helpers/failure_classifier.py,_opening_fallback_evidence_present,fallback_family,560,assignment_or_kwarg,test/governance writer,tests/helpers/attribution_contract.py or golden_replay_projection,Read-side inventory / governance; not production FEM stamping
tests.helpers.failure_classifier,tests/helpers/failure_classifier.py,classify_replay_failure,opening_fallback_owner_bucket,1035,subscript_store,test/governance writer,tests/helpers/attribution_contract.py or golden_replay_projection,Read-side inventory / governance; not production FEM stamping
tests.helpers.failure_classifier,tests/helpers/failure_classifier.py,classify_replay_failure,fallback_selection_owner,1036,subscript_store,test/governance writer,tests/helpers/attribution_contract.py or golden_replay_projection,Read-side inventory / governance; not production FEM stamping
tests.helpers.failure_classifier,tests/helpers/failure_classifier.py,classify_replay_failure,fallback_content_owner,1037,subscript_store,test/governance writer,tests/helpers/attribution_contract.py or golden_replay_projection,Read-side inventory / governance; not production FEM stamping
tests.helpers.failure_dashboard_fixtures,tests/helpers/failure_dashboard_fixtures.py,<module>,owner_bucket,76,assignment_or_kwarg,test/governance writer,tests/helpers/attribution_contract.py or golden_replay_projection,Read-side inventory / governance; not production FEM stamping
tests.helpers.failure_dashboard_fixtures,tests/helpers/failure_dashboard_fixtures.py,<module>,sanitizer_strict_social_selection_owner,159,assignment_or_kwarg,test/governance writer,tests/helpers/attribution_contract.py or golden_replay_projection,Read-side inventory / governance; not production FEM stamping
tests.helpers.failure_dashboard_fixtures,tests/helpers/failure_dashboard_fixtures.py,<module>,sanitizer_strict_social_prose_owner,160,assignment_or_kwarg,test/governance writer,tests/helpers/attribution_contract.py or golden_replay_projection,Read-side inventory / governance; not production FEM stamping
tests.helpers.failure_dashboard_fixtures,tests/helpers/failure_dashboard_fixtures.py,<module>,sanitizer_strict_social_selection_owner_trace_short,161,assignment_or_kwarg,test/governance writer,tests/helpers/attribution_contract.py or golden_replay_projection,Read-side inventory / governance; not production FEM stamping
tests.helpers.failure_dashboard_fixtures,tests/helpers/failure_dashboard_fixtures.py,<module>,sanitizer_strict_social_prose_owner_trace_short,162,assignment_or_kwarg,test/governance writer,tests/helpers/attribution_contract.py or golden_replay_projection,Read-side inventory / governance; not production FEM stamping
tests.helpers.golden_replay,tests/helpers/golden_replay.py,_fallback_selection_is_scene_action_nonblocking,fallback_family,1068,assignment_or_kwarg,test/governance writer,tests/helpers/attribution_contract.py or golden_replay_projection,Read-side inventory / governance; not production FEM stamping
tests.helpers.golden_replay_projection,tests/helpers/golden_replay_projection.py,project_turn_observation,fallback_family,210,assignment_or_kwarg,test/governance writer,tests/helpers/attribution_contract.py or golden_replay_projection,Read-side inventory / governance; not production FEM stamping
tests.helpers.golden_replay_projection_fallbacks,tests/helpers/golden_replay_projection_fallbacks.py,_resolve_fallback_family,fallback_family,84,assignment_or_kwarg,test/governance writer,tests/helpers/attribution_contract.py or golden_replay_projection,Read-side inventory / governance; not production FEM stamping
tests.helpers.golden_replay_projection_test_support,tests/helpers/golden_replay_projection_test_support.py,ak5_rich_projection_payload,fallback_temporal_frame,77,assignment_or_kwarg,test/governance writer,tests/helpers/attribution_contract.py or golden_replay_projection,Read-side inventory / governance; not production FEM stamping
tests.helpers.golden_replay_projection_test_support,tests/helpers/golden_replay_projection_test_support.py,ak5_rich_projection_payload,fallback_family_used,80,assignment_or_kwarg,test/governance writer,tests/helpers/attribution_contract.py or golden_replay_projection,Read-side inventory / governance; not production FEM stamping
tests.helpers.golden_replay_projection_test_support,tests/helpers/golden_replay_projection_test_support.py,ak5_rich_projection_payload,realization_fallback_family,81,assignment_or_kwarg,test/governance writer,tests/helpers/attribution_contract.py or golden_replay_projection,Read-side inventory / governance; not production FEM stamping
tests.helpers.golden_replay_projection_test_support,tests/helpers/golden_replay_projection_test_support.py,ak5_rich_projection_payload,opening_fallback_authorship_source,83,assignment_or_kwarg,test/governance writer,tests/helpers/attribution_contract.py or golden_replay_projection,Read-side inventory / governance; not production FEM stamping
tests.helpers.golden_replay_projection_test_support,tests/helpers/golden_replay_projection_test_support.py,ak5_rich_projection_payload,sealed_fallback_owner_bucket,84,assignment_or_kwarg,test/governance writer,tests/helpers/attribution_contract.py or golden_replay_projection,Read-side inventory / governance; not production FEM stamping
tests.helpers.golden_replay_projection_test_support,tests/helpers/golden_replay_projection_test_support.py,ak5_rich_projection_payload,visibility_fallback_owner_bucket,85,assignment_or_kwarg,test/governance writer,tests/helpers/attribution_contract.py or golden_replay_projection,Read-side inventory / governance; not production FEM stamping
tests.helpers.opening_fallback_evidence,tests/helpers/opening_fallback_evidence.py,assert_opening_fallback_family_temporal,fallback_family_used,202,assignment_or_kwarg,test/governance writer,tests/helpers/attribution_contract.py or golden_replay_projection,Read-side inventory / governance; not production FEM stamping
tests.helpers.opening_fallback_evidence,tests/helpers/opening_fallback_evidence.py,assert_opening_fallback_family_temporal,fallback_temporal_frame,203,assignment_or_kwarg,test/governance writer,tests/helpers/attribution_contract.py or golden_replay_projection,Read-side inventory / governance; not production FEM stamping
tests.helpers.opening_fallback_evidence,tests/helpers/opening_fallback_evidence.py,assert_opening_fallback_upstream_prepared,owner_bucket,247,assignment_or_kwarg,test/governance writer,tests/helpers/attribution_contract.py or golden_replay_projection,Read-side inventory / governance; not production FEM stamping
tests.helpers.opening_fallback_evidence,tests/helpers/opening_fallback_evidence.py,successful_opening_observed_fields,opening_fallback_owner_bucket,578,subscript_store,test/governance writer,tests/helpers/attribution_contract.py or golden_replay_projection,Read-side inventory / governance; not production FEM stamping
tests.helpers.opening_fallback_evidence,tests/helpers/opening_fallback_evidence.py,fail_closed_opening_observed_fields,opening_fallback_owner_bucket,592,subscript_store,test/governance writer,tests/helpers/attribution_contract.py or golden_replay_projection,Read-side inventory / governance; not production FEM stamping
tests.helpers.opening_fallback_evidence,tests/helpers/opening_fallback_evidence.py,build_legacy_compatibility_local_opening_fallback_evidence,opening_fallback_authorship_source,630,assignment_or_kwarg,test/governance writer,tests/helpers/attribution_contract.py or golden_replay_projection,Read-side inventory / governance; not production FEM stamping
tests.helpers.replacement_attribution_inventory,tests/helpers/replacement_attribution_inventory.py,_lineage_mutation_attribution_from_fem,producer_repair_kind,549,assignment_or_kwarg,test/governance writer,tests/helpers/attribution_contract.py or golden_replay_projection,Read-side inventory / governance; not production FEM stamping
tests.helpers.replacement_attribution_inventory,tests/helpers/replacement_attribution_inventory.py,_lineage_mutation_attribution_from_fem,owner_bucket,579,subscript_store,test/governance writer,tests/helpers/attribution_contract.py or golden_replay_projection,Read-side inventory / governance; not production FEM stamping
tests.helpers.replacement_attribution_inventory,tests/helpers/replacement_attribution_inventory.py,attribution_record_from_lineage_event,owner_bucket,694,assignment_or_kwarg,test/governance writer,tests/helpers/attribution_contract.py or golden_replay_projection,Read-side inventory / governance; not production FEM stamping
tests.helpers.replacement_attribution_inventory,tests/helpers/replacement_attribution_inventory.py,baseline_attribution_classifier_inputs,fem_runtime_lineage_events,1049,subscript_store,test/governance writer,tests/helpers/attribution_contract.py or golden_replay_projection,Read-side inventory / governance; not production FEM stamping
tests.helpers.replacement_attribution_inventory,tests/helpers/replacement_attribution_inventory.py,build_baseline_attribution_corpus,fem_runtime_lineage_events,1251,subscript_store,test/governance writer,tests/helpers/attribution_contract.py or golden_replay_projection,Read-side inventory / governance; not production FEM stamping
tests.helpers.replay_bug_recurrence_events,tests/helpers/replay_bug_recurrence_events.py,recurrence_rows,owner_bucket,152,assignment_or_kwarg,test/governance writer,tests/helpers/attribution_contract.py or golden_replay_projection,Read-side inventory / governance; not production FEM stamping
tests.helpers.replay_governance_fixtures,tests/helpers/replay_governance_fixtures.py,traceability_registry_fixture,owner_bucket,53,assignment_or_kwarg,test/governance writer,tests/helpers/attribution_contract.py or golden_replay_projection,Read-side inventory / governance; not production FEM stamping
tests.helpers.replay_observed_row_fixtures,tests/helpers/replay_observed_row_fixtures.py,synthetic_rerun_turn,sealed_fallback_owner_bucket,119,subscript_store,test/governance writer,tests/helpers/attribution_contract.py or golden_replay_projection,Read-side inventory / governance; not production FEM stamping
tests.test_bz_protected_replay_trend_window_2,tests/test_bz_protected_replay_trend_window_2.py,_raw_turn,opening_fallback_owner_bucket,54,dict_update,test/governance writer,tests/helpers/attribution_contract.py or golden_replay_projection,Read-side inventory / governance; not production FEM stamping
tests.test_bz_protected_replay_trend_window_2,tests/test_bz_protected_replay_trend_window_2.py,_raw_turn,sealed_fallback_owner_bucket,54,dict_update,test/governance writer,tests/helpers/attribution_contract.py or golden_replay_projection,Read-side inventory / governance; not production FEM stamping
tests.test_bz_protected_replay_trend_window_2,tests/test_bz_protected_replay_trend_window_2.py,test_recurrence_newly_recurring,owner_bucket,317,assignment_or_kwarg,test/governance writer,tests/helpers/attribution_contract.py or golden_replay_projection,Read-side inventory / governance; not production FEM stamping
tests.test_bz_protected_replay_trend_window_2,tests/test_bz_protected_replay_trend_window_2.py,test_recurrence_owner_changed_by_subject,owner_bucket,362,assignment_or_kwarg,test/governance writer,tests/helpers/attribution_contract.py or golden_replay_projection,Read-side inventory / governance; not production FEM stamping
tests.test_bz_protected_replay_trend_window_2,tests/test_bz_protected_replay_trend_window_2.py,test_recurrence_ambiguous_subject_is_reported,owner_bucket,389,assignment_or_kwarg,test/governance writer,tests/helpers/attribution_contract.py or golden_replay_projection,Read-side inventory / governance; not production FEM stamping
tests.test_bz_protected_replay_trend_window_2,tests/test_bz_protected_replay_trend_window_2.py,test_recurrence_historical_snapshot_comparison_mode,owner_bucket,454,assignment_or_kwarg,test/governance writer,tests/helpers/attribution_contract.py or golden_replay_projection,Read-side inventory / governance; not production FEM stamping
tests.test_bz_protected_replay_trend_window_2,tests/test_bz_protected_replay_trend_window_2.py,test_recurrence_movement_output_is_order_independent,owner_bucket,515,assignment_or_kwarg,test/governance writer,tests/helpers/attribution_contract.py or golden_replay_projection,Read-side inventory / governance; not production FEM stamping
tests.test_bz_protected_replay_trend_window_2,tests/test_bz_protected_replay_trend_window_2.py,test_recurrence_summary_counts_match_movement_list_lengths,owner_bucket,530,assignment_or_kwarg,test/governance writer,tests/helpers/attribution_contract.py or golden_replay_projection,Read-side inventory / governance; not production FEM stamping
tests.test_cf2_protected_field_routing,tests/test_cf2_protected_field_routing.py,test_cf2_rich_turn_clears_unavailable_for_fem_backed_fields,fallback_family_used,266,assignment_or_kwarg,test/governance writer,tests/helpers/attribution_contract.py or golden_replay_projection,Read-side inventory / governance; not production FEM stamping
tests.test_cf3_raw_normalized_fem_field_matrix,tests/test_cf3_raw_normalized_fem_field_matrix.py,test_cf3_normalization_preserves_flat_fem_key_values,sealed_fallback_owner_bucket,51,assignment_or_kwarg,test/governance writer,tests/helpers/attribution_contract.py or golden_replay_projection,Read-side inventory / governance; not production FEM stamping
tests.test_cf3_raw_normalized_fem_field_matrix,tests/test_cf3_raw_normalized_fem_field_matrix.py,test_cf3_normalization_preserves_flat_fem_key_values,visibility_fallback_owner_bucket,52,assignment_or_kwarg,test/governance writer,tests/helpers/attribution_contract.py or golden_replay_projection,Read-side inventory / governance; not production FEM stamping
tests.test_cf3_raw_normalized_fem_field_matrix,tests/test_cf3_raw_normalized_fem_field_matrix.py,test_cf3_rich_turn_raw_and_normalized_presence_parity,fallback_family_used,117,assignment_or_kwarg,test/governance writer,tests/helpers/attribution_contract.py or golden_replay_projection,Read-side inventory / governance; not production FEM stamping
tests.test_cf3_raw_normalized_fem_field_matrix,tests/test_cf3_raw_normalized_fem_field_matrix.py,test_cf3_rich_turn_raw_and_normalized_presence_parity,realization_fallback_family,118,assignment_or_kwarg,test/governance writer,tests/helpers/attribution_contract.py or golden_replay_projection,Read-side inventory / governance; not production FEM stamping
tests.test_cf3_raw_normalized_fem_field_matrix,tests/test_cf3_raw_normalized_fem_field_matrix.py,test_cf3_opening_owner_bucket_derived_not_normalized,opening_fallback_authorship_source,183,assignment_or_kwarg,test/governance writer,tests/helpers/attribution_contract.py or golden_replay_projection,Read-side inventory / governance; not production FEM stamping
tests.test_failure_classification_contract,tests/test_failure_classification_contract.py,test_opening_fallback_owner_bucket_values_are_contract_locked,opening_fallback_owner_bucket,298,subscript_store,test/governance writer,tests/helpers/attribution_contract.py or golden_replay_projection,Read-side inventory / governance; not production FEM stamping
tests.test_failure_classification_contract,tests/test_failure_classification_contract.py,test_sealed_fallback_owner_bucket_values_are_contract_locked,sealed_fallback_owner_bucket,310,subscript_store,test/governance writer,tests/helpers/attribution_contract.py or golden_replay_projection,Read-side inventory / governance; not production FEM stamping
tests.test_failure_classification_contract,tests/test_failure_classification_contract.py,test_visibility_fallback_owner_bucket_values_are_contract_locked,visibility_fallback_owner_bucket,320,subscript_store,test/governance writer,tests/helpers/attribution_contract.py or golden_replay_projection,Read-side inventory / governance; not production FEM stamping
tests.test_failure_classification_contract,tests/test_failure_classification_contract.py,test_visibility_family_split_owner_fields_are_contract_locked,fallback_selection_owner,344,subscript_store,test/governance writer,tests/helpers/attribution_contract.py or golden_replay_projection,Read-side inventory / governance; not production FEM stamping
tests.test_failure_classification_contract,tests/test_failure_classification_contract.py,test_visibility_family_split_owner_fields_are_contract_locked,fallback_content_owner,345,subscript_store,test/governance writer,tests/helpers/attribution_contract.py or golden_replay_projection,Read-side inventory / governance; not production FEM stamping
tests.test_failure_classification_contract,tests/test_failure_classification_contract.py,test_visibility_family_split_owner_fields_are_contract_locked,visibility_fallback_owner_bucket,346,subscript_store,test/governance writer,tests/helpers/attribution_contract.py or golden_replay_projection,Read-side inventory / governance; not production FEM stamping
tests.test_failure_classification_contract,tests/test_failure_classification_contract.py,test_sealed_family_split_owner_fields_are_contract_locked,fallback_selection_owner,367,subscript_store,test/governance writer,tests/helpers/attribution_contract.py or golden_replay_projection,Read-side inventory / governance; not production FEM stamping
tests.test_failure_classification_contract,tests/test_failure_classification_contract.py,test_sealed_family_split_owner_fields_are_contract_locked,fallback_content_owner,368,subscript_store,test/governance writer,tests/helpers/attribution_contract.py or golden_replay_projection,Read-side inventory / governance; not production FEM stamping
tests.test_failure_classification_contract,tests/test_failure_classification_contract.py,test_sealed_family_split_owner_fields_are_contract_locked,sealed_fallback_owner_bucket,369,subscript_store,test/governance writer,tests/helpers/attribution_contract.py or golden_replay_projection,Read-side inventory / governance; not production FEM stamping
tests.test_failure_classification_contract,tests/test_failure_classification_contract.py,test_opening_family_split_owner_fields_are_contract_locked,fallback_selection_owner,398,subscript_store,test/governance writer,tests/helpers/attribution_contract.py or golden_replay_projection,Read-side inventory / governance; not production FEM stamping
tests.test_failure_classification_contract,tests/test_failure_classification_contract.py,test_opening_family_split_owner_fields_are_contract_locked,fallback_content_owner,399,subscript_store,test/governance writer,tests/helpers/attribution_contract.py or golden_replay_projection,Read-side inventory / governance; not production FEM stamping
tests.test_failure_classification_contract,tests/test_failure_classification_contract.py,test_opening_family_split_owner_fields_are_contract_locked,opening_fallback_owner_bucket,400,subscript_store,test/governance writer,tests/helpers/attribution_contract.py or golden_replay_projection,Read-side inventory / governance; not production FEM stamping
tests.test_failure_classification_contract,tests/test_failure_classification_contract.py,test_strict_social_from_sanitizer_owner_split_fields_are_contract_locked,sanitizer_strict_social_selection_owner,446,subscript_store,test/governance writer,tests/helpers/attribution_contract.py or golden_replay_projection,Read-side inventory / governance; not production FEM stamping
tests.test_failure_classification_contract,tests/test_failure_classification_contract.py,test_strict_social_from_sanitizer_owner_split_fields_are_contract_locked,sanitizer_strict_social_prose_owner,447,subscript_store,test/governance writer,tests/helpers/attribution_contract.py or golden_replay_projection,Read-side inventory / governance; not production FEM stamping
tests.test_failure_classification_contract,tests/test_failure_classification_contract.py,test_strict_social_from_sanitizer_owner_split_fields_are_contract_locked,sanitizer_empty_fallback_owner,453,subscript_store,test/governance writer,tests/helpers/attribution_contract.py or golden_replay_projection,Read-side inventory / governance; not production FEM stamping
tests.test_failure_classifier,tests/test_failure_classifier.py,test_failure_dashboard_renders_optional_runtime_lineage_summary_without_changing_rows,fallback_authorship_source,366,assignment_or_kwarg,test/governance writer,tests/helpers/attribution_contract.py or golden_replay_projection,Read-side inventory / governance; not production FEM stamping
tests.test_failure_classifier,tests/test_failure_classifier.py,test_failure_dashboard_renders_optional_runtime_lineage_summary_without_changing_rows,fallback_owner_bucket,367,assignment_or_kwarg,test/governance writer,tests/helpers/attribution_contract.py or golden_replay_projection,Read-side inventory / governance; not production FEM stamping
tests.test_failure_classifier,tests/test_failure_classifier.py,test_failure_dashboard_renders_optional_runtime_lineage_summary_without_changing_rows,fallback_selection_owner,368,assignment_or_kwarg,test/governance writer,tests/helpers/attribution_contract.py or golden_replay_projection,Read-side inventory / governance; not production FEM stamping
tests.test_failure_classifier,tests/test_failure_classifier.py,test_failure_dashboard_renders_optional_runtime_lineage_summary_without_changing_rows,fallback_content_owner,369,assignment_or_kwarg,test/governance writer,tests/helpers/attribution_contract.py or golden_replay_projection,Read-side inventory / governance; not production FEM stamping
tests.test_failure_classifier,tests/test_failure_classifier.py,test_failure_classifier_rows_split_canonical_legacy_and_sealed_opening_owner_buckets,opening_fallback_owner_bucket,478,assignment_or_kwarg,test/governance writer,tests/helpers/attribution_contract.py or golden_replay_projection,Read-side inventory / governance; not production FEM stamping
tests.test_failure_classifier,tests/test_failure_classifier.py,test_failure_classifier_rows_split_canonical_legacy_and_sealed_opening_owner_buckets,opening_fallback_authorship_source,479,assignment_or_kwarg,test/governance writer,tests/helpers/attribution_contract.py or golden_replay_projection,Read-side inventory / governance; not production FEM stamping
tests.test_failure_classifier,tests/test_failure_classifier.py,test_failure_classifier_preserves_projected_opening_owner_bucket_evidence,owner_bucket,487,assignment_or_kwarg,test/governance writer,tests/helpers/attribution_contract.py or golden_replay_projection,Read-side inventory / governance; not production FEM stamping
tests.test_failure_classifier,tests/test_failure_classifier.py,test_failure_classifier_preserves_projected_opening_owner_bucket_evidence,opening_fallback_owner_bucket,497,assignment_or_kwarg,test/governance writer,tests/helpers/attribution_contract.py or golden_replay_projection,Read-side inventory / governance; not production FEM stamping
tests.test_failure_classifier,tests/test_failure_classifier.py,test_ordinary_classifier_opening_builders_never_emit_compat_local_authorship,fallback_content_owner,538,assignment_or_kwarg,test/governance writer,tests/helpers/attribution_contract.py or golden_replay_projection,Read-side inventory / governance; not production FEM stamping
tests.test_failure_classifier,tests/test_failure_classifier.py,test_ordinary_classifier_opening_builders_never_emit_compat_local_authorship,opening_fallback_owner_bucket,539,assignment_or_kwarg,test/governance writer,tests/helpers/attribution_contract.py or golden_replay_projection,Read-side inventory / governance; not production FEM stamping
tests.test_failure_classifier,tests/test_failure_classifier.py,test_failure_classification_contract_rejects_invalid_opening_owner_bucket,opening_fallback_owner_bucket,685,assignment_or_kwarg,test/governance writer,tests/helpers/attribution_contract.py or golden_replay_projection,Read-side inventory / governance; not production FEM stamping
tests.test_failure_classifier,tests/test_failure_classifier.py,test_failure_classifier_preserves_projected_sealed_owner_bucket_evidence,sealed_fallback_owner_bucket,715,assignment_or_kwarg,test/governance writer,tests/helpers/attribution_contract.py or golden_replay_projection,Read-side inventory / governance; not production FEM stamping
tests.test_failure_classifier,tests/test_failure_classifier.py,test_failure_classifier_preserves_projected_visibility_fallback_evidence,visibility_fallback_owner_bucket,734,assignment_or_kwarg,test/governance writer,tests/helpers/attribution_contract.py or golden_replay_projection,Read-side inventory / governance; not production FEM stamping
tests.test_failure_classifier,tests/test_failure_classifier.py,test_failure_classification_contract_rejects_invalid_visibility_owner_bucket,visibility_fallback_owner_bucket,745,assignment_or_kwarg,test/governance writer,tests/helpers/attribution_contract.py or golden_replay_projection,Read-side inventory / governance; not production FEM stamping
tests.test_failure_classifier,tests/test_failure_classifier.py,test_failure_classifier_sanitizer_empty_fallback_is_sanitizer_owned_not_prepared_answer_action,sanitizer_empty_fallback_owner,1215,assignment_or_kwarg,test/governance writer,tests/helpers/attribution_contract.py or golden_replay_projection,Read-side inventory / governance; not production FEM stamping
tests.test_failure_classifier,tests/test_failure_classifier.py,test_failure_classifier_strict_social_sanitizer_fallback_keeps_selection_and_prose_owners_split,sanitizer_strict_social_selection_owner,1396,assignment_or_kwarg,test/governance writer,tests/helpers/attribution_contract.py or golden_replay_projection,Read-side inventory / governance; not production FEM stamping
tests.test_failure_classifier,tests/test_failure_classifier.py,test_failure_classifier_strict_social_sanitizer_fallback_keeps_selection_and_prose_owners_split,sanitizer_strict_social_prose_owner,1397,assignment_or_kwarg,test/governance writer,tests/helpers/attribution_contract.py or golden_replay_projection,Read-side inventory / governance; not production FEM stamping
tests.test_failure_classifier,tests/test_failure_classifier.py,test_failure_classifier_accepts_opening_family_runtime_lineage_split_owners,fallback_content_owner,1478,assignment_or_kwarg,test/governance writer,tests/helpers/attribution_contract.py or golden_replay_projection,Read-side inventory / governance; not production FEM stamping
tests.test_failure_classifier,tests/test_failure_classifier.py,test_failure_classifier_accepts_opening_family_runtime_lineage_split_owners,opening_fallback_owner_bucket,1479,assignment_or_kwarg,test/governance writer,tests/helpers/attribution_contract.py or golden_replay_projection,Read-side inventory / governance; not production FEM stamping
tests.test_failure_classifier,tests/test_failure_classifier.py,test_failure_classifier_accepts_gate_selected_strict_social_runtime_lineage_split_owners,fallback_selection_owner,1528,assignment_or_kwarg,test/governance writer,tests/helpers/attribution_contract.py or golden_replay_projection,Read-side inventory / governance; not production FEM stamping
tests.test_failure_classifier,tests/test_failure_classifier.py,test_failure_classifier_accepts_gate_selected_strict_social_runtime_lineage_split_owners,fallback_content_owner,1529,assignment_or_kwarg,test/governance writer,tests/helpers/attribution_contract.py or golden_replay_projection,Read-side inventory / governance; not production FEM stamping
tests.test_failure_classifier,tests/test_failure_classifier.py,test_failure_classifier_accepts_sealed_family_runtime_lineage_split_owners,fallback_content_owner,1819,assignment_or_kwarg,test/governance writer,tests/helpers/attribution_contract.py or golden_replay_projection,Read-side inventory / governance; not production FEM stamping
tests.test_failure_classifier,tests/test_failure_classifier.py,test_failure_classifier_accepts_sealed_family_runtime_lineage_split_owners,sealed_fallback_owner_bucket,1820,assignment_or_kwarg,test/governance writer,tests/helpers/attribution_contract.py or golden_replay_projection,Read-side inventory / governance; not production FEM stamping
tests.test_failure_classifier,tests/test_failure_classifier.py,test_failure_dashboard_runtime_lineage_summary_counts_sanitizer_upstream_fast_owner_trifecta,fallback_selection_owner,1865,assignment_or_kwarg,test/governance writer,tests/helpers/attribution_contract.py or golden_replay_projection,Read-side inventory / governance; not production FEM stamping
tests.test_failure_classifier,tests/test_failure_classifier.py,test_failure_dashboard_runtime_lineage_summary_counts_sanitizer_upstream_fast_owner_trifecta,fallback_content_owner,1866,assignment_or_kwarg,test/governance writer,tests/helpers/attribution_contract.py or golden_replay_projection,Read-side inventory / governance; not production FEM stamping
tests.test_failure_classifier,tests/test_failure_classifier.py,test_failure_dashboard_runtime_lineage_summary_counts_sanitizer_upstream_fast_owner_trifecta,fallback_owner_bucket,1881,assignment_or_kwarg,test/governance writer,tests/helpers/attribution_contract.py or golden_replay_projection,Read-side inventory / governance; not production FEM stamping
tests.test_failure_classifier,tests/test_failure_classifier.py,test_failure_dashboard_runtime_lineage_summary_counts_sealed_family_split_owner_trifecta,fallback_owner_bucket,1932,assignment_or_kwarg,test/governance writer,tests/helpers/attribution_contract.py or golden_replay_projection,Read-side inventory / governance; not production FEM stamping
tests.test_failure_classifier,tests/test_failure_classifier.py,test_failure_dashboard_runtime_lineage_summary_counts_sealed_family_split_owner_trifecta,fallback_selection_owner,1933,assignment_or_kwarg,test/governance writer,tests/helpers/attribution_contract.py or golden_replay_projection,Read-side inventory / governance; not production FEM stamping
tests.test_failure_classifier,tests/test_failure_classifier.py,test_failure_dashboard_runtime_lineage_summary_counts_sealed_family_split_owner_trifecta,fallback_content_owner,1934,assignment_or_kwarg,test/governance writer,tests/helpers/attribution_contract.py or golden_replay_projection,Read-side inventory / governance; not production FEM stamping
tests.test_failure_classifier,tests/test_failure_classifier.py,test_failure_dashboard_runtime_lineage_summary_counts_opening_family_split_owner_trifecta,fallback_owner_bucket,2003,assignment_or_kwarg,test/governance writer,tests/helpers/attribution_contract.py or golden_replay_projection,Read-side inventory / governance; not production FEM stamping
tests.test_failure_classifier,tests/test_failure_classifier.py,test_failure_dashboard_runtime_lineage_summary_counts_opening_family_split_owner_trifecta,fallback_authorship_source,2004,assignment_or_kwarg,test/governance writer,tests/helpers/attribution_contract.py or golden_replay_projection,Read-side inventory / governance; not production FEM stamping
tests.test_failure_classifier,tests/test_failure_classifier.py,test_failure_dashboard_runtime_lineage_summary_counts_opening_family_split_owner_trifecta,fallback_selection_owner,2005,assignment_or_kwarg,test/governance writer,tests/helpers/attribution_contract.py or golden_replay_projection,Read-side inventory / governance; not production FEM stamping
tests.test_failure_classifier,tests/test_failure_classifier.py,test_failure_dashboard_runtime_lineage_summary_counts_opening_family_split_owner_trifecta,fallback_content_owner,2006,assignment_or_kwarg,test/governance writer,tests/helpers/attribution_contract.py or golden_replay_projection,Read-side inventory / governance; not production FEM stamping
tests.test_failure_classifier,tests/test_failure_classifier.py,test_failure_classifier_accepts_referential_local_substitution_producer_bucket_without_short_owner_names,fallback_selection_owner,2133,assignment_or_kwarg,test/governance writer,tests/helpers/attribution_contract.py or golden_replay_projection,Read-side inventory / governance; not production FEM stamping
tests.test_failure_classifier,tests/test_failure_classifier.py,test_failure_classification_contract_rejects_short_names_on_visibility_family_split_owner_fields,fallback_selection_owner,2157,subscript_store,test/governance writer,tests/helpers/attribution_contract.py or golden_replay_projection,Read-side inventory / governance; not production FEM stamping
tests.test_failure_classifier,tests/test_failure_classifier.py,test_failure_classification_contract_rejects_short_names_on_visibility_family_split_owner_fields,fallback_content_owner,2158,subscript_store,test/governance writer,tests/helpers/attribution_contract.py or golden_replay_projection,Read-side inventory / governance; not production FEM stamping
tests.test_failure_classifier,tests/test_failure_classifier.py,test_failure_classification_contract_rejects_short_names_on_sanitizer_upstream_split_owner_fields,fallback_content_owner,2172,assignment_or_kwarg,test/governance writer,tests/helpers/attribution_contract.py or golden_replay_projection,Read-side inventory / governance; not production FEM stamping
tests.test_failure_classifier,tests/test_failure_classifier.py,test_failure_classification_contract_rejects_short_names_on_sanitizer_upstream_split_owner_fields,fallback_selection_owner,2186,subscript_store,test/governance writer,tests/helpers/attribution_contract.py or golden_replay_projection,Read-side inventory / governance; not production FEM stamping
tests.test_failure_classifier,tests/test_failure_classifier.py,test_failure_classification_contract_rejects_short_names_on_sealed_family_split_owner_fields,fallback_content_owner,2225,assignment_or_kwarg,test/governance writer,tests/helpers/attribution_contract.py or golden_replay_projection,Read-side inventory / governance; not production FEM stamping
tests.test_failure_classifier,tests/test_failure_classifier.py,test_failure_classification_contract_rejects_short_names_on_sealed_family_split_owner_fields,fallback_selection_owner,2238,subscript_store,test/governance writer,tests/helpers/attribution_contract.py or golden_replay_projection,Read-side inventory / governance; not production FEM stamping
tests.test_failure_classifier,tests/test_failure_classifier.py,test_failure_classification_contract_rejects_short_names_on_opening_family_split_owner_fields,fallback_content_owner,2253,assignment_or_kwarg,test/governance writer,tests/helpers/attribution_contract.py or golden_replay_projection,Read-side inventory / governance; not production FEM stamping
tests.test_failure_classifier,tests/test_failure_classifier.py,test_failure_classification_contract_rejects_short_names_on_opening_family_split_owner_fields,opening_fallback_owner_bucket,2254,assignment_or_kwarg,test/governance writer,tests/helpers/attribution_contract.py or golden_replay_projection,Read-side inventory / governance; not production FEM stamping
tests.test_failure_classifier,tests/test_failure_classifier.py,test_failure_classification_contract_rejects_short_names_on_opening_family_split_owner_fields,fallback_selection_owner,2267,subscript_store,test/governance writer,tests/helpers/attribution_contract.py or golden_replay_projection,Read-side inventory / governance; not production FEM stamping
tests.test_failure_classifier,tests/test_failure_classifier.py,test_failure_classification_contract_rejects_unknown_runtime_lineage_split_owner,fallback_selection_owner,2287,assignment_or_kwarg,test/governance writer,tests/helpers/attribution_contract.py or golden_replay_projection,Read-side inventory / governance; not production FEM stamping
tests.test_failure_classifier,tests/test_failure_classifier.py,test_failure_classification_contract_rejects_unknown_runtime_lineage_split_owner,fallback_content_owner,2288,assignment_or_kwarg,test/governance writer,tests/helpers/attribution_contract.py or golden_replay_projection,Read-side inventory / governance; not production FEM stamping
tests.test_failure_classifier,tests/test_failure_classifier.py,test_cross_family_split_owner_acceptance_matrix_stays_aligned,fallback_selection_owner,2349,assignment_or_kwarg,test/governance writer,tests/helpers/attribution_contract.py or golden_replay_projection,Read-side inventory / governance; not production FEM stamping
tests.test_failure_classifier,tests/test_failure_classifier.py,test_cross_family_split_owner_acceptance_matrix_stays_aligned,fallback_content_owner,2354,assignment_or_kwarg,test/governance writer,tests/helpers/attribution_contract.py or golden_replay_projection,Read-side inventory / governance; not production FEM stamping
tests.test_failure_dashboard_report,tests/test_failure_dashboard_report.py,_synthetic_rerun_scorecard,fallback_family,276,assignment_or_kwarg,test/governance writer,tests/helpers/attribution_contract.py or golden_replay_projection,Read-side inventory / governance; not production FEM stamping
tests.test_failure_dashboard_report,tests/test_failure_dashboard_report.py,_synthetic_rerun_scorecard,fallback_owner,277,assignment_or_kwarg,test/governance writer,tests/helpers/attribution_contract.py or golden_replay_projection,Read-side inventory / governance; not production FEM stamping
tests.test_fallback_incidence_report,tests/test_fallback_incidence_report.py,_turn,fallback_family,60,subscript_store,test/governance writer,tests/helpers/attribution_contract.py or golden_replay_projection,Read-side inventory / governance; not production FEM stamping
tests.test_fallback_incidence_report,tests/test_fallback_incidence_report.py,test_owner_dimensions_and_cross_tabs_remain_separate,fallback_owner_bucket,271,assignment_or_kwarg,test/governance writer,tests/helpers/attribution_contract.py or golden_replay_projection,Read-side inventory / governance; not production FEM stamping
tests.test_fallback_incidence_report,tests/test_fallback_incidence_report.py,test_owner_dimensions_and_cross_tabs_remain_separate,fallback_selection_owner,272,assignment_or_kwarg,test/governance writer,tests/helpers/attribution_contract.py or golden_replay_projection,Read-side inventory / governance; not production FEM stamping
tests.test_fallback_incidence_report,tests/test_fallback_incidence_report.py,test_owner_dimensions_and_cross_tabs_remain_separate,fallback_content_owner,273,assignment_or_kwarg,test/governance writer,tests/helpers/attribution_contract.py or golden_replay_projection,Read-side inventory / governance; not production FEM stamping
tests.test_fallback_incidence_report,tests/test_fallback_incidence_report.py,test_owner_dimensions_and_cross_tabs_remain_separate,fallback_authorship_source,274,assignment_or_kwarg,test/governance writer,tests/helpers/attribution_contract.py or golden_replay_projection,Read-side inventory / governance; not production FEM stamping
tests.test_final_emission_meta,tests/test_final_emission_meta.py,test_narration_constraint_debug_builder_and_merge_are_null_safe,speaker_contract_enforcement,387,assignment_or_kwarg,test/governance writer,tests/helpers/attribution_contract.py or golden_replay_projection,Read-side inventory / governance; not production FEM stamping
tests.test_final_emission_meta,tests/test_final_emission_meta.py,test_narration_constraint_debug_excludes_sensitive_and_verbose_inputs,speaker_contract_enforcement,504,assignment_or_kwarg,test/governance writer,tests/helpers/attribution_contract.py or golden_replay_projection,Read-side inventory / governance; not production FEM stamping
tests.test_final_emission_meta,tests/test_final_emission_meta.py,test_narration_constraint_debug_prefers_grounded_speaker_reason_code_over_fallbacks,speaker_contract_enforcement,566,assignment_or_kwarg,test/governance writer,tests/helpers/attribution_contract.py or golden_replay_projection,Read-side inventory / governance; not production FEM stamping
tests.test_final_emission_meta,tests/test_final_emission_meta.py,test_narration_constraint_debug_missing_speaker_inputs_do_not_emit_noisy_values,speaker_contract_enforcement,585,assignment_or_kwarg,test/governance writer,tests/helpers/attribution_contract.py or golden_replay_projection,Read-side inventory / governance; not production FEM stamping
tests.test_final_emission_meta,tests/test_final_emission_meta.py,test_build_fem_runtime_lineage_events_projects_opening_and_fail_closed_fallbacks,fallback_selection_owner,1429,assignment_or_kwarg,test/governance writer,tests/helpers/attribution_contract.py or golden_replay_projection,Read-side inventory / governance; not production FEM stamping
tests.test_final_emission_meta,tests/test_final_emission_meta.py,test_build_fem_runtime_lineage_events_projects_opening_and_fail_closed_fallbacks,fallback_content_owner,1430,assignment_or_kwarg,test/governance writer,tests/helpers/attribution_contract.py or golden_replay_projection,Read-side inventory / governance; not production FEM stamping
tests.test_final_emission_meta,tests/test_final_emission_meta.py,test_build_fem_runtime_lineage_events_projects_opening_and_fail_closed_fallbacks,fallback_authorship_source,1431,assignment_or_kwarg,test/governance writer,tests/helpers/attribution_contract.py or golden_replay_projection,Read-side inventory / governance; not production FEM stamping
tests.test_final_emission_meta,tests/test_final_emission_meta.py,test_build_fem_runtime_lineage_events_projects_opening_and_fail_closed_fallbacks,fallback_owner_bucket,1432,assignment_or_kwarg,test/governance writer,tests/helpers/attribution_contract.py or golden_replay_projection,Read-side inventory / governance; not production FEM stamping
tests.test_final_emission_meta,tests/test_final_emission_meta.py,test_build_fem_runtime_lineage_events_projects_strict_social_and_sanitizer_fallbacks,fallback_selection_owner,1470,assignment_or_kwarg,test/governance writer,tests/helpers/attribution_contract.py or golden_replay_projection,Read-side inventory / governance; not production FEM stamping
tests.test_final_emission_meta,tests/test_final_emission_meta.py,test_build_fem_runtime_lineage_events_projects_strict_social_and_sanitizer_fallbacks,fallback_content_owner,1471,assignment_or_kwarg,test/governance writer,tests/helpers/attribution_contract.py or golden_replay_projection,Read-side inventory / governance; not production FEM stamping
tests.test_final_emission_meta,tests/test_final_emission_meta.py,test_build_fem_runtime_lineage_events_projects_strict_social_and_sanitizer_fallbacks,fallback_authorship_source,1472,assignment_or_kwarg,test/governance writer,tests/helpers/attribution_contract.py or golden_replay_projection,Read-side inventory / governance; not production FEM stamping
tests.test_final_emission_meta,tests/test_final_emission_meta.py,test_build_fem_runtime_lineage_events_projects_strict_social_and_sanitizer_fallbacks,fallback_owner_bucket,1473,assignment_or_kwarg,test/governance writer,tests/helpers/attribution_contract.py or golden_replay_projection,Read-side inventory / governance; not production FEM stamping
tests.test_final_emission_meta,tests/test_final_emission_meta.py,test_build_fem_runtime_lineage_events_projects_upstream_fast_fallback_split_owners,fallback_selection_owner,1554,assignment_or_kwarg,test/governance writer,tests/helpers/attribution_contract.py or golden_replay_projection,Read-side inventory / governance; not production FEM stamping
tests.test_final_emission_meta,tests/test_final_emission_meta.py,test_build_fem_runtime_lineage_events_projects_upstream_fast_fallback_split_owners,fallback_content_owner,1555,assignment_or_kwarg,test/governance writer,tests/helpers/attribution_contract.py or golden_replay_projection,Read-side inventory / governance; not production FEM stamping
tests.test_final_emission_meta,tests/test_final_emission_meta.py,test_build_fem_runtime_lineage_events_sealed_branches_remain_distinct_read_side,fallback_selection_owner,1737,assignment_or_kwarg,test/governance writer,tests/helpers/attribution_contract.py or golden_replay_projection,Read-side inventory / governance; not production FEM stamping
tests.test_final_emission_meta,tests/test_final_emission_meta.py,test_build_fem_runtime_lineage_events_sealed_branches_remain_distinct_read_side,fallback_content_owner,1738,assignment_or_kwarg,test/governance writer,tests/helpers/attribution_contract.py or golden_replay_projection,Read-side inventory / governance; not production FEM stamping
tests.test_final_emission_meta,tests/test_final_emission_meta.py,test_build_fem_runtime_lineage_events_sealed_opening_subkind_maps_opening_content_owner,fallback_selection_owner,1761,assignment_or_kwarg,test/governance writer,tests/helpers/attribution_contract.py or golden_replay_projection,Read-side inventory / governance; not production FEM stamping
tests.test_final_emission_meta,tests/test_final_emission_meta.py,test_build_fem_runtime_lineage_events_sealed_opening_subkind_maps_opening_content_owner,fallback_content_owner,1762,assignment_or_kwarg,test/governance writer,tests/helpers/attribution_contract.py or golden_replay_projection,Read-side inventory / governance; not production FEM stamping
tests.test_final_emission_meta,tests/test_final_emission_meta.py,test_build_fem_runtime_lineage_events_sealed_unknown_replacement_is_conservative,fallback_selection_owner,1781,assignment_or_kwarg,test/governance writer,tests/helpers/attribution_contract.py or golden_replay_projection,Read-side inventory / governance; not production FEM stamping
tests.test_final_emission_meta,tests/test_final_emission_meta.py,test_build_fem_runtime_lineage_events_sealed_unknown_replacement_is_conservative,fallback_content_owner,1782,assignment_or_kwarg,test/governance writer,tests/helpers/attribution_contract.py or golden_replay_projection,Read-side inventory / governance; not production FEM stamping
tests.test_final_emission_meta,tests/test_final_emission_meta.py,test_build_fem_runtime_lineage_events_projects_neutral_speaker_grounding_bridge,fallback_selection_owner,1801,assignment_or_kwarg,test/governance writer,tests/helpers/attribution_contract.py or golden_replay_projection,Read-side inventory / governance; not production FEM stamping
tests.test_final_emission_meta,tests/test_final_emission_meta.py,test_build_fem_runtime_lineage_events_projects_neutral_speaker_grounding_bridge,fallback_content_owner,1802,assignment_or_kwarg,test/governance writer,tests/helpers/attribution_contract.py or golden_replay_projection,Read-side inventory / governance; not production FEM stamping
tests.test_final_emission_meta,tests/test_final_emission_meta.py,test_normalize_fem_preserves_dual_fallback_family_fields_without_collapse,fallback_temporal_frame,1925,assignment_or_kwarg,test/governance writer,tests/helpers/attribution_contract.py or golden_replay_projection,Read-side inventory / governance; not production FEM stamping
tests.test_final_emission_narration_constraint_debug,tests/test_final_emission_narration_constraint_debug.py,_resolve_visibility_contract,speaker_contract_enforcement,85,assignment_or_kwarg,test/governance writer,tests/helpers/attribution_contract.py or golden_replay_projection,Read-side inventory / governance; not production FEM stamping
tests.test_final_emission_narration_constraint_debug,tests/test_final_emission_narration_constraint_debug.py,test_merge_narration_constraint_debug_into_outputs_matches_inline_sequence,speaker_contract_enforcement,112,assignment_or_kwarg,test/governance writer,tests/helpers/attribution_contract.py or golden_replay_projection,Read-side inventory / governance; not production FEM stamping
tests.test_final_emission_opening_fallback,tests/test_final_emission_opening_fallback.py,_should_not_run_local_deterministic_opening,fallback_family_used,512,assignment_or_kwarg,test/governance writer,tests/helpers/attribution_contract.py or golden_replay_projection,Read-side inventory / governance; not production FEM stamping
tests.test_final_emission_opening_fallback,tests/test_final_emission_opening_fallback.py,test_canonical_final_gate_opening_fallback_fem_is_upstream_prepared_not_compatibility_local,fallback_family_used,1220,assignment_or_kwarg,test/governance writer,tests/helpers/attribution_contract.py or golden_replay_projection,Read-side inventory / governance; not production FEM stamping
tests.test_final_emission_visibility,tests/test_final_emission_visibility.py,test_pipeline_replaces_offscene_known_npc_reference,visibility_fallback_owner_bucket,159,assignment_or_kwarg,test/governance writer,tests/helpers/attribution_contract.py or golden_replay_projection,Read-side inventory / governance; not production FEM stamping
tests.test_final_emission_visibility_fallback,tests/test_final_emission_visibility_fallback.py,test_visibility_fallback_owner_bucket_classifier,owner_bucket,182,assignment_or_kwarg,test/governance writer,tests/helpers/attribution_contract.py or golden_replay_projection,Read-side inventory / governance; not production FEM stamping
tests.test_final_emission_visibility_fallback,tests/test_final_emission_visibility_fallback.py,test_build_visibility_route_metadata_outcome_for_hard_replacement,fallback_owner_bucket,579,assignment_or_kwarg,test/governance writer,tests/helpers/attribution_contract.py or golden_replay_projection,Read-side inventory / governance; not production FEM stamping
tests.test_golden_replay_fallback_long_session_summary,tests/test_golden_replay_fallback_long_session_summary.py,test_long_session_summary_preserves_sanitizer_upstream_fast_split_owner_lineage_stability,sanitizer_empty_fallback_owner,92,assignment_or_kwarg,test/governance writer,tests/helpers/attribution_contract.py or golden_replay_projection,Read-side inventory / governance; not production FEM stamping
tests.test_golden_replay_fallback_long_session_summary,tests/test_golden_replay_fallback_long_session_summary.py,test_long_session_summary_preserves_sanitizer_upstream_fast_split_owner_lineage_stability,fallback_provenance_trace,109,assignment_or_kwarg,test/governance writer,tests/helpers/attribution_contract.py or golden_replay_projection,Read-side inventory / governance; not production FEM stamping
tests.test_golden_replay_fallback_long_session_summary,tests/test_golden_replay_fallback_long_session_summary.py,test_long_session_summary_preserves_opening_family_split_owner_lineage_stability,fallback_temporal_frame,153,assignment_or_kwarg,test/governance writer,tests/helpers/attribution_contract.py or golden_replay_projection,Read-side inventory / governance; not production FEM stamping
tests.test_golden_replay_fallback_long_session_summary,tests/test_golden_replay_fallback_long_session_summary.py,test_long_session_summary_preserves_opening_family_split_owner_lineage_stability,fallback_family_used,163,assignment_or_kwarg,test/governance writer,tests/helpers/attribution_contract.py or golden_replay_projection,Read-side inventory / governance; not production FEM stamping
tests.test_golden_replay_fallback_long_session_summary,tests/test_golden_replay_fallback_long_session_summary.py,test_long_session_summary_preserves_sealed_family_split_owner_lineage_stability,sealed_fallback_owner_bucket,205,assignment_or_kwarg,test/governance writer,tests/helpers/attribution_contract.py or golden_replay_projection,Read-side inventory / governance; not production FEM stamping
tests.test_golden_replay_fallback_long_session_summary,tests/test_golden_replay_fallback_long_session_summary.py,test_long_session_summary_preserves_sealed_family_split_owner_lineage_stability,realization_fallback_family,206,assignment_or_kwarg,test/governance writer,tests/helpers/attribution_contract.py or golden_replay_projection,Read-side inventory / governance; not production FEM stamping
tests.test_golden_replay_fallback_opening_projection,tests/test_golden_replay_fallback_opening_projection.py,test_golden_projection_projects_canonical_upstream_prepared_opening_owner_bucket,fallback_temporal_frame,99,assignment_or_kwarg,test/governance writer,tests/helpers/attribution_contract.py or golden_replay_projection,Read-side inventory / governance; not production FEM stamping
tests.test_golden_replay_fallback_opening_projection,tests/test_golden_replay_fallback_opening_projection.py,test_golden_projection_prefers_bundle_runtime_lineage_events_and_empty_when_absent,fallback_family_used,121,assignment_or_kwarg,test/governance writer,tests/helpers/attribution_contract.py or golden_replay_projection,Read-side inventory / governance; not production FEM stamping
tests.test_golden_replay_fallback_opening_projection,tests/test_golden_replay_fallback_opening_projection.py,test_golden_projection_projects_fail_closed_sealed_gate_opening_owner_bucket,fallback_family_used,165,assignment_or_kwarg,test/governance writer,tests/helpers/attribution_contract.py or golden_replay_projection,Read-side inventory / governance; not production FEM stamping
tests.test_golden_replay_fallback_opening_projection,tests/test_golden_replay_fallback_opening_projection.py,test_golden_projection_projects_fail_closed_sealed_gate_opening_owner_bucket,fallback_temporal_frame,191,assignment_or_kwarg,test/governance writer,tests/helpers/attribution_contract.py or golden_replay_projection,Read-side inventory / governance; not production FEM stamping
tests.test_golden_replay_fallback_opening_projection,tests/test_golden_replay_fallback_opening_projection.py,test_golden_projection_observed_turn_passes_classifier_contract_for_opening_family_split_owners,fallback_temporal_frame,241,assignment_or_kwarg,test/governance writer,tests/helpers/attribution_contract.py or golden_replay_projection,Read-side inventory / governance; not production FEM stamping
tests.test_golden_replay_fallback_opening_projection,tests/test_golden_replay_fallback_opening_projection.py,test_golden_projection_observed_turn_passes_classifier_contract_for_opening_family_split_owners,fallback_family_used,271,assignment_or_kwarg,test/governance writer,tests/helpers/attribution_contract.py or golden_replay_projection,Read-side inventory / governance; not production FEM stamping
tests.test_golden_replay_fallback_sanitizer_projection,tests/test_golden_replay_fallback_sanitizer_projection.py,test_golden_projection_projects_strict_social_sanitizer_fallback_owner_split,sanitizer_strict_social_selection_owner,134,assignment_or_kwarg,test/governance writer,tests/helpers/attribution_contract.py or golden_replay_projection,Read-side inventory / governance; not production FEM stamping
tests.test_golden_replay_fallback_sanitizer_projection,tests/test_golden_replay_fallback_sanitizer_projection.py,test_golden_projection_projects_strict_social_sanitizer_fallback_owner_split,sanitizer_strict_social_prose_owner,135,assignment_or_kwarg,test/governance writer,tests/helpers/attribution_contract.py or golden_replay_projection,Read-side inventory / governance; not production FEM stamping
tests.test_golden_replay_fallback_sanitizer_projection,tests/test_golden_replay_fallback_sanitizer_projection.py,test_golden_projection_projects_sanitizer_empty_split_owner_trifecta,sanitizer_empty_fallback_owner,183,assignment_or_kwarg,test/governance writer,tests/helpers/attribution_contract.py or golden_replay_projection,Read-side inventory / governance; not production FEM stamping
tests.test_golden_replay_fallback_sanitizer_projection,tests/test_golden_replay_fallback_sanitizer_projection.py,test_golden_projection_observed_turn_passes_classifier_contract_for_sanitizer_split_owners,sanitizer_strict_social_selection_owner,218,assignment_or_kwarg,test/governance writer,tests/helpers/attribution_contract.py or golden_replay_projection,Read-side inventory / governance; not production FEM stamping
tests.test_golden_replay_fallback_sanitizer_projection,tests/test_golden_replay_fallback_sanitizer_projection.py,test_golden_projection_observed_turn_passes_classifier_contract_for_sanitizer_split_owners,sanitizer_strict_social_prose_owner,219,assignment_or_kwarg,test/governance writer,tests/helpers/attribution_contract.py or golden_replay_projection,Read-side inventory / governance; not production FEM stamping
tests.test_golden_replay_fallback_sealed_projection,tests/test_golden_replay_fallback_sealed_projection.py,test_golden_projection_projects_sealed_fallback_owner_bucket,sealed_fallback_owner_bucket,87,assignment_or_kwarg,test/governance writer,tests/helpers/attribution_contract.py or golden_replay_projection,Read-side inventory / governance; not production FEM stamping
tests.test_golden_replay_fallback_sealed_projection,tests/test_golden_replay_fallback_sealed_projection.py,test_golden_projection_projects_sealed_fallback_owner_bucket,realization_fallback_family,88,assignment_or_kwarg,test/governance writer,tests/helpers/attribution_contract.py or golden_replay_projection,Read-side inventory / governance; not production FEM stamping
tests.test_golden_replay_fallback_sealed_projection,tests/test_golden_replay_fallback_sealed_projection.py,test_golden_projection_projects_strict_social_sealed_fallback_owner_bucket,sealed_fallback_owner_bucket,102,assignment_or_kwarg,test/governance writer,tests/helpers/attribution_contract.py or golden_replay_projection,Read-side inventory / governance; not production FEM stamping
tests.test_golden_replay_fallback_sealed_projection,tests/test_golden_replay_fallback_sealed_projection.py,test_golden_projection_projects_strict_social_sealed_fallback_owner_bucket,realization_fallback_family,103,assignment_or_kwarg,test/governance writer,tests/helpers/attribution_contract.py or golden_replay_projection,Read-side inventory / governance; not production FEM stamping
tests.test_golden_replay_fallback_sealed_projection,tests/test_golden_replay_fallback_sealed_projection.py,test_golden_projection_projects_sealed_family_replacement_split_owner_trifecta,sealed_fallback_owner_bucket,174,assignment_or_kwarg,test/governance writer,tests/helpers/attribution_contract.py or golden_replay_projection,Read-side inventory / governance; not production FEM stamping
tests.test_golden_replay_fallback_sealed_projection,tests/test_golden_replay_fallback_sealed_projection.py,test_golden_projection_projects_sealed_family_replacement_split_owner_trifecta,realization_fallback_family,175,assignment_or_kwarg,test/governance writer,tests/helpers/attribution_contract.py or golden_replay_projection,Read-side inventory / governance; not production FEM stamping
tests.test_golden_replay_fallback_sealed_projection,tests/test_golden_replay_fallback_sealed_projection.py,test_golden_projection_observed_turn_passes_classifier_contract_for_sealed_family_split_owners,sealed_fallback_owner_bucket,195,assignment_or_kwarg,test/governance writer,tests/helpers/attribution_contract.py or golden_replay_projection,Read-side inventory / governance; not production FEM stamping
tests.test_golden_replay_fallback_sealed_projection,tests/test_golden_replay_fallback_sealed_projection.py,test_golden_projection_observed_turn_passes_classifier_contract_for_sealed_family_split_owners,realization_fallback_family,196,assignment_or_kwarg,test/governance writer,tests/helpers/attribution_contract.py or golden_replay_projection,Read-side inventory / governance; not production FEM stamping
tests.test_golden_replay_fallback_upstream_fast_projection,tests/test_golden_replay_fallback_upstream_fast_projection.py,test_golden_projection_projects_upstream_fast_split_owner_trifecta,fallback_provenance_trace,88,assignment_or_kwarg,test/governance writer,tests/helpers/attribution_contract.py or golden_replay_projection,Read-side inventory / governance; not production FEM stamping
tests.test_golden_replay_fallback_upstream_fast_projection,tests/test_golden_replay_fallback_upstream_fast_projection.py,test_golden_projection_observed_turn_passes_classifier_contract_for_upstream_fast_split_owners,fallback_provenance_trace,112,assignment_or_kwarg,test/governance writer,tests/helpers/attribution_contract.py or golden_replay_projection,Read-side inventory / governance; not production FEM stamping
tests.test_golden_replay_fallback_upstream_projection,tests/test_golden_replay_fallback_upstream_projection.py,test_golden_projection_projects_valid_upstream_prepared_emission_telemetry,realization_fallback_family,111,assignment_or_kwarg,test/governance writer,tests/helpers/attribution_contract.py or golden_replay_projection,Read-side inventory / governance; not production FEM stamping
tests.test_golden_replay_fallback_upstream_projection,tests/test_golden_replay_fallback_upstream_projection.py,test_golden_projection_projects_rejected_upstream_prepared_emission_telemetry,realization_fallback_family,139,assignment_or_kwarg,test/governance writer,tests/helpers/attribution_contract.py or golden_replay_projection,Read-side inventory / governance; not production FEM stamping
tests.test_golden_replay_fallback_upstream_projection,tests/test_golden_replay_fallback_upstream_projection.py,test_golden_projection_drift_classification_preserves_malformed_prepared_emission_reject_reason,realization_fallback_family,209,assignment_or_kwarg,test/governance writer,tests/helpers/attribution_contract.py or golden_replay_projection,Read-side inventory / governance; not production FEM stamping
tests.test_golden_replay_fallback_visibility_projection,tests/test_golden_replay_fallback_visibility_projection.py,test_golden_projection_projects_visibility_fallback_evidence,visibility_fallback_owner_bucket,87,assignment_or_kwarg,test/governance writer,tests/helpers/attribution_contract.py or golden_replay_projection,Read-side inventory / governance; not production FEM stamping
tests.test_golden_replay_fallback_visibility_projection,tests/test_golden_replay_fallback_visibility_projection.py,test_golden_projection_projects_visibility_fallback_evidence,sealed_fallback_owner_bucket,91,assignment_or_kwarg,test/governance writer,tests/helpers/attribution_contract.py or golden_replay_projection,Read-side inventory / governance; not production FEM stamping
tests.test_golden_replay_fallback_visibility_projection,tests/test_golden_replay_fallback_visibility_projection.py,test_golden_projection_projects_visibility_hard_replacement_canonical_owner_buckets,visibility_fallback_owner_bucket,140,assignment_or_kwarg,test/governance writer,tests/helpers/attribution_contract.py or golden_replay_projection,Read-side inventory / governance; not production FEM stamping
tests.test_golden_replay_fallback_visibility_projection,tests/test_golden_replay_fallback_visibility_projection.py,test_golden_projection_projects_visibility_hard_replacement_canonical_owner_buckets,producer_repair_kind,144,assignment_or_kwarg,test/governance writer,tests/helpers/attribution_contract.py or golden_replay_projection,Read-side inventory / governance; not production FEM stamping
tests.test_golden_replay_fallback_visibility_projection,tests/test_golden_replay_fallback_visibility_projection.py,test_golden_projection_projects_visibility_family_hard_replacement_split_owner_trifecta,visibility_fallback_owner_bucket,207,assignment_or_kwarg,test/governance writer,tests/helpers/attribution_contract.py or golden_replay_projection,Read-side inventory / governance; not production FEM stamping
tests.test_golden_replay_fallback_visibility_projection,tests/test_golden_replay_fallback_visibility_projection.py,test_golden_projection_projects_visibility_family_hard_replacement_split_owner_trifecta,producer_repair_kind,210,assignment_or_kwarg,test/governance writer,tests/helpers/attribution_contract.py or golden_replay_projection,Read-side inventory / governance; not production FEM stamping
tests.test_golden_replay_fallback_visibility_projection,tests/test_golden_replay_fallback_visibility_projection.py,test_golden_projection_projects_referential_local_substitution_owner_bucket_and_repair_kind,visibility_fallback_owner_bucket,235,assignment_or_kwarg,test/governance writer,tests/helpers/attribution_contract.py or golden_replay_projection,Read-side inventory / governance; not production FEM stamping
tests.test_golden_replay_fallback_visibility_projection,tests/test_golden_replay_fallback_visibility_projection.py,test_golden_projection_projects_referential_local_substitution_owner_bucket_and_repair_kind,producer_repair_kind,236,assignment_or_kwarg,test/governance writer,tests/helpers/attribution_contract.py or golden_replay_projection,Read-side inventory / governance; not production FEM stamping
tests.test_golden_replay_fallback_visibility_projection,tests/test_golden_replay_fallback_visibility_projection.py,test_golden_projection_observed_turn_passes_classifier_contract_for_visibility_family_split_owners,visibility_fallback_owner_bucket,256,assignment_or_kwarg,test/governance writer,tests/helpers/attribution_contract.py or golden_replay_projection,Read-side inventory / governance; not production FEM stamping
tests.test_golden_replay_fallback_visibility_projection,tests/test_golden_replay_fallback_visibility_projection.py,test_golden_projection_observed_turn_passes_classifier_contract_for_visibility_family_split_owners,producer_repair_kind,259,assignment_or_kwarg,test/governance writer,tests/helpers/attribution_contract.py or golden_replay_projection,Read-side inventory / governance; not production FEM stamping
tests.test_golden_replay_projection_engine,tests/test_golden_replay_projection_engine.py,test_cl7_flat_projection_ordering_unchanged_from_backup,fallback_family,100,assignment_or_kwarg,test/governance writer,tests/helpers/attribution_contract.py or golden_replay_projection,Read-side inventory / governance; not production FEM stamping
tests.test_golden_replay_projection_metadata,tests/test_golden_replay_projection_metadata.py,test_ak5_synthetic_turn_exercises_fem_backed_protected_fields,fallback_temporal_frame,71,assignment_or_kwarg,test/governance writer,tests/helpers/attribution_contract.py or golden_replay_projection,Read-side inventory / governance; not production FEM stamping
tests.test_golden_replay_projection_presence_integration,tests/test_golden_replay_projection_presence_integration.py,test_bl3_rich_fixture_presence_pipeline_locked,fallback_family_used,57,assignment_or_kwarg,test/governance writer,tests/helpers/attribution_contract.py or golden_replay_projection,Read-side inventory / governance; not production FEM stamping
tests.test_golden_replay_projection_presence_integration,tests/test_golden_replay_projection_presence_integration.py,test_bl3_rich_fixture_presence_pipeline_locked,realization_fallback_family,58,assignment_or_kwarg,test/governance writer,tests/helpers/attribution_contract.py or golden_replay_projection,Read-side inventory / governance; not production FEM stamping
tests.test_golden_replay_trend,tests/test_golden_replay_trend.py,_raw_turn,opening_fallback_owner_bucket,58,dict_update,test/governance writer,tests/helpers/attribution_contract.py or golden_replay_projection,Read-side inventory / governance; not production FEM stamping
tests.test_golden_replay_trend,tests/test_golden_replay_trend.py,_raw_turn,sealed_fallback_owner_bucket,58,dict_update,test/governance writer,tests/helpers/attribution_contract.py or golden_replay_projection,Read-side inventory / governance; not production FEM stamping
tests.test_golden_replay_trend,tests/test_golden_replay_trend.py,test_synthetic_owner_bucket_drift,sealed_fallback_owner_bucket,179,assignment_or_kwarg,test/governance writer,tests/helpers/attribution_contract.py or golden_replay_projection,Read-side inventory / governance; not production FEM stamping
tests.test_opening_fallback_owner_bucket,tests/test_opening_fallback_owner_bucket.py,test_fail_closed_repair_kind_maps_to_sealed_gate,opening_fallback_authorship_source,83,assignment_or_kwarg,test/governance writer,tests/helpers/attribution_contract.py or golden_replay_projection,Read-side inventory / governance; not production FEM stamping
tests.test_opening_fallback_owner_bucket,tests/test_opening_fallback_owner_bucket.py,test_canonical_legacy_compat_local_authorship_token_maps_to_unknown_ambiguous,opening_fallback_authorship_source,109,assignment_or_kwarg,test/governance writer,tests/helpers/attribution_contract.py or golden_replay_projection,Read-side inventory / governance; not production FEM stamping
tests.test_opening_fallback_owner_bucket,tests/test_opening_fallback_owner_bucket.py,test_strict_social_signal_maps_to_strict_social_only_when_explicit,fallback_family,199,assignment_or_kwarg,test/governance writer,tests/helpers/attribution_contract.py or golden_replay_projection,Read-side inventory / governance; not production FEM stamping
tests.test_replacement_attribution_inventory,tests/test_replacement_attribution_inventory.py,test_opening_lineage_inventory_preserves_split_owner_trifecta_from_fem_builder,fallback_family_used,90,assignment_or_kwarg,test/governance writer,tests/helpers/attribution_contract.py or golden_replay_projection,Read-side inventory / governance; not production FEM stamping
tests.test_replacement_attribution_inventory,tests/test_replacement_attribution_inventory.py,test_failure_classification_inventory_has_direct_source_family,owner_bucket,131,assignment_or_kwarg,test/governance writer,tests/helpers/attribution_contract.py or golden_replay_projection,Read-side inventory / governance; not production FEM stamping
tests.test_replacement_attribution_inventory,tests/test_replacement_attribution_inventory.py,test_bs4_opening_owner_bucket_direct_stamp,opening_fallback_owner_bucket,579,assignment_or_kwarg,test/governance writer,tests/helpers/attribution_contract.py or golden_replay_projection,Read-side inventory / governance; not production FEM stamping
tests.test_replacement_attribution_inventory,tests/test_replacement_attribution_inventory.py,test_co84_sanitizer_replay_projection_projects_owner_when_sealed_wiped,fem_runtime_lineage_events,656,subscript_store,test/governance writer,tests/helpers/attribution_contract.py or golden_replay_projection,Read-side inventory / governance; not production FEM stamping
tests.test_replacement_attribution_inventory,tests/test_replacement_attribution_inventory.py,test_co86_strict_social_replay_projection_projects_owner_when_sealed_wiped,fem_runtime_lineage_events,877,subscript_store,test/governance writer,tests/helpers/attribution_contract.py or golden_replay_projection,Read-side inventory / governance; not production FEM stamping
tests.test_replacement_attribution_inventory,tests/test_replacement_attribution_inventory.py,test_co87_opening_mutation_lineage_projects_preserved_repair_kind,opening_fallback_owner_bucket,913,assignment_or_kwarg,test/governance writer,tests/helpers/attribution_contract.py or golden_replay_projection,Read-side inventory / governance; not production FEM stamping
tests.test_replacement_attribution_inventory,tests/test_replacement_attribution_inventory.py,test_co87_opening_gate_outcome_projects_repair_and_owner,opening_fallback_owner_bucket,937,assignment_or_kwarg,test/governance writer,tests/helpers/attribution_contract.py or golden_replay_projection,Read-side inventory / governance; not production FEM stamping
tests.test_replay_drift_taxonomy,tests/test_replay_drift_taxonomy.py,test_compare_golden_replay_reruns_counts_fallback_frequency_drift,fallback_selection_owner,295,assignment_or_kwarg,test/governance writer,tests/helpers/attribution_contract.py or golden_replay_projection,Read-side inventory / governance; not production FEM stamping
tests.test_replay_drift_taxonomy,tests/test_replay_drift_taxonomy.py,test_compare_golden_replay_reruns_counts_fallback_frequency_drift,fallback_family,300,assignment_or_kwarg,test/governance writer,tests/helpers/attribution_contract.py or golden_replay_projection,Read-side inventory / governance; not production FEM stamping
tests.test_replay_drift_taxonomy,tests/test_replay_drift_taxonomy.py,test_compare_golden_replay_reruns_counts_fallback_frequency_drift,fallback_owner,301,assignment_or_kwarg,test/governance writer,tests/helpers/attribution_contract.py or golden_replay_projection,Read-side inventory / governance; not production FEM stamping
tests.test_run_scenario_spine_validation,tests/test_run_scenario_spine_validation.py,event,fallback_authorship_source,716,assignment_or_kwarg,test/governance writer,tests/helpers/attribution_contract.py or golden_replay_projection,Read-side inventory / governance; not production FEM stamping
tests.test_run_scenario_spine_validation,tests/test_run_scenario_spine_validation.py,event,fallback_owner_bucket,717,assignment_or_kwarg,test/governance writer,tests/helpers/attribution_contract.py or golden_replay_projection,Read-side inventory / governance; not production FEM stamping
tests.test_runtime_lineage_telemetry,tests/test_runtime_lineage_telemetry.py,test_make_runtime_lineage_event_is_json_serializable_and_normalized,fallback_authorship_source,77,assignment_or_kwarg,test/governance writer,tests/helpers/attribution_contract.py or golden_replay_projection,Read-side inventory / governance; not production FEM stamping
tests.test_runtime_lineage_telemetry,tests/test_runtime_lineage_telemetry.py,test_make_runtime_lineage_event_is_json_serializable_and_normalized,fallback_owner_bucket,78,assignment_or_kwarg,test/governance writer,tests/helpers/attribution_contract.py or golden_replay_projection,Read-side inventory / governance; not production FEM stamping
tests.test_runtime_lineage_telemetry,tests/test_runtime_lineage_telemetry.py,test_make_runtime_lineage_event_is_json_serializable_and_normalized,fallback_selection_owner,79,assignment_or_kwarg,test/governance writer,tests/helpers/attribution_contract.py or golden_replay_projection,Read-side inventory / governance; not production FEM stamping
tests.test_runtime_lineage_telemetry,tests/test_runtime_lineage_telemetry.py,test_make_runtime_lineage_event_is_json_serializable_and_normalized,fallback_content_owner,80,assignment_or_kwarg,test/governance writer,tests/helpers/attribution_contract.py or golden_replay_projection,Read-side inventory / governance; not production FEM stamping
tests.test_runtime_lineage_telemetry,tests/test_runtime_lineage_telemetry.py,test_make_runtime_lineage_event_preserves_sanitizer_split_owners,fallback_selection_owner,146,assignment_or_kwarg,test/governance writer,tests/helpers/attribution_contract.py or golden_replay_projection,Read-side inventory / governance; not production FEM stamping
tests.test_runtime_lineage_telemetry,tests/test_runtime_lineage_telemetry.py,test_make_runtime_lineage_event_preserves_sanitizer_split_owners,fallback_content_owner,147,assignment_or_kwarg,test/governance writer,tests/helpers/attribution_contract.py or golden_replay_projection,Read-side inventory / governance; not production FEM stamping
tests.test_runtime_lineage_telemetry,tests/test_runtime_lineage_telemetry.py,test_summarize_runtime_lineage_events_owns_frequency_and_persisted_recurrence_buckets,fallback_authorship_source,208,assignment_or_kwarg,test/governance writer,tests/helpers/attribution_contract.py or golden_replay_projection,Read-side inventory / governance; not production FEM stamping
tests.test_runtime_lineage_telemetry,tests/test_runtime_lineage_telemetry.py,test_summarize_runtime_lineage_events_owns_frequency_and_persisted_recurrence_buckets,fallback_owner_bucket,209,assignment_or_kwarg,test/governance writer,tests/helpers/attribution_contract.py or golden_replay_projection,Read-side inventory / governance; not production FEM stamping
tests.test_runtime_lineage_telemetry,tests/test_runtime_lineage_telemetry.py,test_summarize_runtime_lineage_events_owns_frequency_and_persisted_recurrence_buckets,fallback_selection_owner,210,assignment_or_kwarg,test/governance writer,tests/helpers/attribution_contract.py or golden_replay_projection,Read-side inventory / governance; not production FEM stamping
tests.test_runtime_lineage_telemetry,tests/test_runtime_lineage_telemetry.py,test_summarize_runtime_lineage_events_owns_frequency_and_persisted_recurrence_buckets,fallback_content_owner,211,assignment_or_kwarg,test/governance writer,tests/helpers/attribution_contract.py or golden_replay_projection,Read-side inventory / governance; not production FEM stamping
tests.test_runtime_lineage_telemetry,tests/test_runtime_lineage_telemetry.py,test_summarize_runtime_lineage_events_counts_opening_family_split_owner_trifecta,fallback_owner_bucket,267,assignment_or_kwarg,test/governance writer,tests/helpers/attribution_contract.py or golden_replay_projection,Read-side inventory / governance; not production FEM stamping
tests.test_runtime_lineage_telemetry,tests/test_runtime_lineage_telemetry.py,test_summarize_runtime_lineage_events_counts_opening_family_split_owner_trifecta,fallback_authorship_source,268,assignment_or_kwarg,test/governance writer,tests/helpers/attribution_contract.py or golden_replay_projection,Read-side inventory / governance; not production FEM stamping
tests.test_runtime_lineage_telemetry,tests/test_runtime_lineage_telemetry.py,test_summarize_runtime_lineage_events_counts_opening_family_split_owner_trifecta,fallback_selection_owner,269,assignment_or_kwarg,test/governance writer,tests/helpers/attribution_contract.py or golden_replay_projection,Read-side inventory / governance; not production FEM stamping
tests.test_runtime_lineage_telemetry,tests/test_runtime_lineage_telemetry.py,test_summarize_runtime_lineage_events_counts_opening_family_split_owner_trifecta,fallback_content_owner,270,assignment_or_kwarg,test/governance writer,tests/helpers/attribution_contract.py or golden_replay_projection,Read-side inventory / governance; not production FEM stamping
tests.test_runtime_lineage_telemetry,tests/test_runtime_lineage_telemetry.py,test_summarize_runtime_lineage_events_counts_sanitizer_upstream_fast_split_owner_trifecta,fallback_selection_owner,315,assignment_or_kwarg,test/governance writer,tests/helpers/attribution_contract.py or golden_replay_projection,Read-side inventory / governance; not production FEM stamping
tests.test_runtime_lineage_telemetry,tests/test_runtime_lineage_telemetry.py,test_summarize_runtime_lineage_events_counts_sanitizer_upstream_fast_split_owner_trifecta,fallback_content_owner,316,assignment_or_kwarg,test/governance writer,tests/helpers/attribution_contract.py or golden_replay_projection,Read-side inventory / governance; not production FEM stamping
tests.test_runtime_lineage_telemetry,tests/test_runtime_lineage_telemetry.py,test_summarize_runtime_lineage_events_counts_sanitizer_upstream_fast_split_owner_trifecta,fallback_owner_bucket,331,assignment_or_kwarg,test/governance writer,tests/helpers/attribution_contract.py or golden_replay_projection,Read-side inventory / governance; not production FEM stamping
tests.test_runtime_lineage_telemetry,tests/test_runtime_lineage_telemetry.py,test_summarize_runtime_lineage_events_counts_sealed_family_split_owner_trifecta,fallback_owner_bucket,358,assignment_or_kwarg,test/governance writer,tests/helpers/attribution_contract.py or golden_replay_projection,Read-side inventory / governance; not production FEM stamping
tests.test_runtime_lineage_telemetry,tests/test_runtime_lineage_telemetry.py,test_summarize_runtime_lineage_events_counts_sealed_family_split_owner_trifecta,fallback_selection_owner,359,assignment_or_kwarg,test/governance writer,tests/helpers/attribution_contract.py or golden_replay_projection,Read-side inventory / governance; not production FEM stamping
tests.test_runtime_lineage_telemetry,tests/test_runtime_lineage_telemetry.py,test_summarize_runtime_lineage_events_counts_sealed_family_split_owner_trifecta,fallback_content_owner,360,assignment_or_kwarg,test/governance writer,tests/helpers/attribution_contract.py or golden_replay_projection,Read-side inventory / governance; not production FEM stamping
